parameter_index,simulation_index,global_index,timestep,true_prevalence,gru_prediction,lstm_prediction
4481,1,simulation_results_74.rds,1.0,0.8376874,0.8496,0.851
4481,1,simulation_results_74.rds,2.0,0.84343344,0.848,0.8525
4481,1,simulation_results_74.rds,3.0,0.8473535,0.8496,0.8516
4481,1,simulation_results_74.rds,4.0,0.8513593,0.851,0.8516
4481,1,simulation_results_74.rds,5.0,0.85404885,0.851,0.852
4481,1,simulation_results_74.rds,6.0,0.8555833,0.851,0.852
4481,1,simulation_results_74.rds,7.0,0.85661465,0.851,0.8516
4481,1,simulation_results_74.rds,8.0,0.85722685,0.8516,0.851
4481,1,simulation_results_74.rds,9.0,0.85719717,0.8516,0.8516
4481,1,simulation_results_74.rds,10.0,0.85758686,0.852,0.8516
4481,1,simulation_results_74.rds,11.0,0.8578666,0.8525,0.852
4481,1,simulation_results_74.rds,12.0,0.85806036,0.853,0.853
4481,1,simulation_results_74.rds,13.0,0.8584229,0.8535,0.854
4481,1,simulation_results_74.rds,14.0,0.8587693,0.8535,0.855
4481,1,simulation_results_74.rds,15.0,0.8603299,0.8545,0.8564
4481,1,simulation_results_74.rds,16.0,0.86162114,0.8555,0.8574
4481,1,simulation_results_74.rds,17.0,0.86263674,0.8564,0.859
4481,1,simulation_results_74.rds,18.0,0.8633459,0.858,0.86
4481,1,simulation_results_74.rds,19.0,0.8638888,0.859,0.8604
4481,1,simulation_results_74.rds,20.0,0.8642338,0.86,0.8604
4481,1,simulation_results_74.rds,21.0,0.8642609,0.86,0.8604
4481,1,simulation_results_74.rds,22.0,0.8636104,0.86,0.8604
4481,1,simulation_results_74.rds,23.0,0.8627268,0.8594,0.86
4481,1,simulation_results_74.rds,24.0,0.86083984,0.8584,0.859
4481,1,simulation_results_74.rds,25.0,0.8589445,0.8574,0.8584
4481,1,simulation_results_74.rds,26.0,0.85716647,0.856,0.8574
4481,1,simulation_results_74.rds,27.0,0.8554784,0.855,0.8564
4481,1,simulation_results_74.rds,28.0,0.85450214,0.8535,0.8555
4481,1,simulation_results_74.rds,29.0,0.85423183,0.8525,0.855
4481,1,simulation_results_74.rds,30.0,0.85382,0.8516,0.854
4481,1,simulation_results_74.rds,31.0,0.8536839,0.8506,0.8535
4481,1,simulation_results_74.rds,32.0,0.85311913,0.8496,0.853
4481,1,simulation_results_74.rds,33.0,0.8522842,0.849,0.8525
4481,1,simulation_results_74.rds,34.0,0.85156673,0.8486,0.8525
4481,1,simulation_results_74.rds,35.0,0.85154605,0.8486,0.8525
4481,1,simulation_results_74.rds,36.0,0.85212713,0.8486,0.8525
4481,1,simulation_results_74.rds,37.0,0.8530219,0.8496,0.853
4481,1,simulation_results_74.rds,38.0,0.85471386,0.8506,0.853
4481,1,simulation_results_74.rds,39.0,0.85642165,0.852,0.8535
4481,1,simulation_results_74.rds,40.0,0.8579872,0.854,0.854
4481,1,simulation_results_74.rds,41.0,0.8595756,0.8555,0.8545
4481,1,simulation_results_74.rds,42.0,0.8606913,0.857,0.855
4481,1,simulation_results_74.rds,43.0,0.8615018,0.8584,0.856
4481,1,simulation_results_74.rds,44.0,0.8620813,0.8594,0.857
4481,1,simulation_results_74.rds,45.0,0.86223984,0.86,0.8584
4481,1,simulation_results_74.rds,46.0,0.86253935,0.86,0.86
4481,1,simulation_results_74.rds,47.0,0.8625571,0.86,0.861
4481,1,simulation_results_74.rds,48.0,0.8621218,0.8594,0.8623
4481,1,simulation_results_74.rds,49.0,0.8606514,0.8584,0.863
4481,1,simulation_results_74.rds,50.0,0.8586177,0.8574,0.8633
4481,1,simulation_results_74.rds,51.0,0.8563788,0.856,0.8633
4481,1,simulation_results_74.rds,52.0,0.85435927,0.8545,0.8623
4481,1,simulation_results_74.rds,53.0,0.85279226,0.8535,0.8613
4481,1,simulation_results_74.rds,54.0,0.8519406,0.852,0.86
4481,1,simulation_results_74.rds,55.0,0.8514893,0.851,0.858
4481,1,simulation_results_74.rds,56.0,0.85105985,0.85,0.8564
4481,1,simulation_results_74.rds,57.0,0.85042995,0.8496,0.8555
4481,1,simulation_results_74.rds,58.0,0.8495181,0.8486,0.8545
4481,1,simulation_results_74.rds,59.0,0.8488958,0.848,0.8535
4481,1,simulation_results_74.rds,60.0,0.84840226,0.847,0.853
4481,1,simulation_results_74.rds,61.0,0.84810984,0.847,0.853
4481,1,simulation_results_74.rds,62.0,0.8483883,0.847,0.8535
4481,1,simulation_results_74.rds,63.0,0.849287,0.847,0.854
4481,1,simulation_results_74.rds,64.0,0.851037,0.848,0.855
4481,1,simulation_results_74.rds,65.0,0.8532258,0.8486,0.8564
4481,1,simulation_results_74.rds,66.0,0.8553095,0.85,0.8574
4481,1,simulation_results_74.rds,67.0,0.8572131,0.8516,0.859
4481,1,simulation_results_74.rds,68.0,0.8587412,0.8525,0.8604
4481,1,simulation_results_74.rds,69.0,0.8599622,0.854,0.8613
4481,1,simulation_results_74.rds,70.0,0.86086196,0.855,0.862
4481,1,simulation_results_74.rds,71.0,0.86210656,0.856,0.8623
4481,1,simulation_results_74.rds,72.0,0.8636339,0.8564,0.8623
4481,1,simulation_results_74.rds,73.0,0.86409426,0.857,0.8623
4481,1,simulation_results_74.rds,74.0,0.8636208,0.857,0.862
4481,1,simulation_results_74.rds,75.0,0.8628055,0.857,0.8613
4481,1,simulation_results_74.rds,76.0,0.86119074,0.8564,0.8604
4481,1,simulation_results_74.rds,77.0,0.8594358,0.8555,0.86
4481,1,simulation_results_74.rds,78.0,0.8575453,0.8545,0.8594
4481,1,simulation_results_74.rds,79.0,0.85638696,0.853,0.8584
4481,1,simulation_results_74.rds,80.0,0.8555077,0.8516,0.858
4481,1,simulation_results_74.rds,81.0,0.85512847,0.8506,0.857
4481,1,simulation_results_74.rds,82.0,0.85467035,0.85,0.856
4481,1,simulation_results_74.rds,83.0,0.8540386,0.849,0.855
4481,1,simulation_results_74.rds,84.0,0.8534317,0.8486,0.8535
4481,1,simulation_results_74.rds,85.0,0.85241073,0.848,0.852
4481,1,simulation_results_74.rds,86.0,0.8508602,0.8477,0.851
4481,1,simulation_results_74.rds,87.0,0.8500783,0.847,0.85
4481,1,simulation_results_74.rds,88.0,0.8503963,0.847,0.8496
4481,1,simulation_results_74.rds,89.0,0.8512217,0.8477,0.85
4481,1,simulation_results_74.rds,90.0,0.8529635,0.848,0.851
4481,1,simulation_results_74.rds,91.0,0.8549976,0.8496,0.8525
4481,1,simulation_results_74.rds,92.0,0.8570356,0.851,0.8535
4481,1,simulation_results_74.rds,93.0,0.8584658,0.8525,0.855
4481,1,simulation_results_74.rds,94.0,0.8598157,0.854,0.856
4481,1,simulation_results_74.rds,95.0,0.86089754,0.855,0.857
4481,1,simulation_results_74.rds,96.0,0.86172146,0.856,0.8574
4481,1,simulation_results_74.rds,97.0,0.86261034,0.857,0.8584
4481,1,simulation_results_74.rds,98.0,0.86327136,0.8574,0.859
4481,1,simulation_results_74.rds,99.0,0.8636743,0.8574,0.8594
4481,1,simulation_results_74.rds,100.0,0.8637988,0.8574,0.86
4481,1,simulation_results_74.rds,101.0,0.86277807,0.857,0.86
4481,1,simulation_results_74.rds,102.0,0.8610777,0.8564,0.8604
4481,1,simulation_results_74.rds,103.0,0.859297,0.8555,0.8604
4481,1,simulation_results_74.rds,104.0,0.85775316,0.854,0.86
4481,1,simulation_results_74.rds,105.0,0.85650754,0.8525,0.859
4481,1,simulation_results_74.rds,106.0,0.8557739,0.851,0.8574
4481,1,simulation_results_74.rds,107.0,0.8553724,0.849,0.856
4481,1,simulation_results_74.rds,108.0,0.8548759,0.8477,0.8545
4481,1,simulation_results_74.rds,109.0,0.85439974,0.8467,0.8535
4481,1,simulation_results_74.rds,110.0,0.8537293,0.845,0.853
4481,1,simulation_results_74.rds,111.0,0.8526662,0.844,0.8525
4481,1,simulation_results_74.rds,112.0,0.8518025,0.843,0.8525
4481,1,simulation_results_74.rds,113.0,0.85128295,0.842,0.8525
4481,1,simulation_results_74.rds,114.0,0.85146266,0.8413,0.853
4481,1,simulation_results_74.rds,115.0,0.8526995,0.841,0.8535
4481,1,simulation_results_74.rds,116.0,0.85406053,0.8403,0.854
4481,1,simulation_results_74.rds,117.0,0.85582834,0.841,0.855
4481,1,simulation_results_74.rds,118.0,0.8574397,0.8413,0.856
4481,1,simulation_results_74.rds,119.0,0.85882276,0.8423,0.857
4481,1,simulation_results_74.rds,120.0,0.8601505,0.8438,0.8584
4481,1,simulation_results_74.rds,121.0,0.8613447,0.845,0.8594
4481,1,simulation_results_74.rds,122.0,0.8624397,0.847,0.8604
4481,1,simulation_results_74.rds,123.0,0.8630665,0.8496,0.8613
4481,1,simulation_results_74.rds,124.0,0.86377186,0.8516,0.862
4481,1,simulation_results_74.rds,125.0,0.864026,0.8535,0.8623
4481,1,simulation_results_74.rds,126.0,0.864128,0.855,0.862
4481,1,simulation_results_74.rds,127.0,0.86337006,0.8564,0.861
4481,1,simulation_results_74.rds,128.0,0.86191857,0.8574,0.8604
4481,1,simulation_results_74.rds,129.0,0.8598631,0.8584,0.8594
4481,1,simulation_results_74.rds,130.0,0.8581831,0.859,0.8584
4481,1,simulation_results_74.rds,131.0,0.857023,0.859,0.858
4481,1,simulation_results_74.rds,132.0,0.85610664,0.859,0.857
4481,1,simulation_results_74.rds,133.0,0.8553543,0.8584,0.8564
4481,1,simulation_results_74.rds,134.0,0.8547008,0.858,0.8555
4481,1,simulation_results_74.rds,135.0,0.8541429,0.8574,0.855
4481,1,simulation_results_74.rds,136.0,0.85347533,0.857,0.8545
4481,1,simulation_results_74.rds,137.0,0.85284406,0.856,0.854
4481,1,simulation_results_74.rds,138.0,0.85190886,0.855,0.854
4481,1,simulation_results_74.rds,139.0,0.85136354,0.8535,0.854
4481,1,simulation_results_74.rds,140.0,0.8511324,0.852,0.854
4481,1,simulation_results_74.rds,141.0,0.8516405,0.85,0.8545
4481,1,simulation_results_74.rds,142.0,0.8527909,0.848,0.8555
4481,1,simulation_results_74.rds,143.0,0.85478246,0.846,0.8564
4481,1,simulation_results_74.rds,144.0,0.8568308,0.844,0.8574
4481,1,simulation_results_74.rds,145.0,0.85838056,0.8423,0.8584
4481,1,simulation_results_74.rds,146.0,0.8597968,0.841,0.8594
4481,1,simulation_results_74.rds,147.0,0.86138093,0.84,0.8604
4481,1,simulation_results_74.rds,148.0,0.8624187,0.839,0.861
4481,1,simulation_results_74.rds,149.0,0.86316556,0.839,0.8613
4481,1,simulation_results_74.rds,150.0,0.86378455,0.84,0.862
4481,1,simulation_results_74.rds,151.0,0.86366546,0.841,0.8623
4481,1,simulation_results_74.rds,152.0,0.8635468,0.843,0.8623
4481,1,simulation_results_74.rds,153.0,0.8628521,0.8447,0.863
4481,1,simulation_results_74.rds,154.0,0.86135215,0.846,0.863
4481,1,simulation_results_74.rds,155.0,0.8597153,0.848,0.8623
4481,1,simulation_results_74.rds,156.0,0.8580313,0.849,0.8623
4481,2,simulation_results_74.rds,1.0,0.841072,0.8496,0.851
4481,2,simulation_results_74.rds,2.0,0.8446969,0.848,0.8525
4481,2,simulation_results_74.rds,3.0,0.8476788,0.8496,0.8516
4481,2,simulation_results_74.rds,4.0,0.85060024,0.851,0.8516
4481,2,simulation_results_74.rds,5.0,0.8527066,0.851,0.852
4481,2,simulation_results_74.rds,6.0,0.8538852,0.851,0.852
4481,2,simulation_results_74.rds,7.0,0.85495204,0.851,0.8516
4481,2,simulation_results_74.rds,8.0,0.85539097,0.8516,0.851
4481,2,simulation_results_74.rds,9.0,0.85553724,0.8516,0.8516
4481,2,simulation_results_74.rds,10.0,0.85564286,0.852,0.8516
4481,2,simulation_results_74.rds,11.0,0.85565144,0.8525,0.852
4481,2,simulation_results_74.rds,12.0,0.85576403,0.853,0.853
4481,2,simulation_results_74.rds,13.0,0.85589737,0.8535,0.854
4481,2,simulation_results_74.rds,14.0,0.85614604,0.8535,0.855
4481,2,simulation_results_74.rds,15.0,0.85780805,0.8545,0.8564
4481,2,simulation_results_74.rds,16.0,0.8592726,0.8555,0.8574
4481,2,simulation_results_74.rds,17.0,0.8606842,0.8564,0.859
4481,2,simulation_results_74.rds,18.0,0.8618395,0.858,0.86
4481,2,simulation_results_74.rds,19.0,0.86277413,0.859,0.8604
4481,2,simulation_results_74.rds,20.0,0.8635768,0.86,0.8604
4481,2,simulation_results_74.rds,21.0,0.8637545,0.86,0.8604
4481,2,simulation_results_74.rds,22.0,0.8637384,0.86,0.8604
4481,2,simulation_results_74.rds,23.0,0.86310804,0.8594,0.86
4481,2,simulation_results_74.rds,24.0,0.8617169,0.8584,0.859
4481,2,simulation_results_74.rds,25.0,0.8601071,0.8574,0.8584
4481,2,simulation_results_74.rds,26.0,0.85841596,0.856,0.8574
4481,2,simulation_results_74.rds,27.0,0.85740095,0.855,0.8564
4481,2,simulation_results_74.rds,28.0,0.8565783,0.8535,0.8555
4481,2,simulation_results_74.rds,29.0,0.8557004,0.8525,0.855
4481,2,simulation_results_74.rds,30.0,0.85510486,0.8516,0.854
4481,2,simulation_results_74.rds,31.0,0.8543367,0.8506,0.8535
4481,2,simulation_results_74.rds,32.0,0.8534824,0.8496,0.853
4481,2,simulation_results_74.rds,33.0,0.85281616,0.849,0.8525
4481,2,simulation_results_74.rds,34.0,0.8521242,0.8486,0.8525
4481,2,simulation_results_74.rds,35.0,0.85171586,0.8486,0.8525
4481,2,simulation_results_74.rds,36.0,0.8517667,0.8486,0.8525
4481,2,simulation_results_74.rds,37.0,0.852668,0.8496,0.853
4481,2,simulation_results_74.rds,38.0,0.85417366,0.8506,0.853
4481,2,simulation_results_74.rds,39.0,0.85587186,0.852,0.8535
4481,2,simulation_results_74.rds,40.0,0.85774344,0.854,0.854
4481,2,simulation_results_74.rds,41.0,0.85907096,0.8555,0.8545
4481,2,simulation_results_74.rds,42.0,0.86053747,0.857,0.855
4481,2,simulation_results_74.rds,43.0,0.86198443,0.8584,0.856
4481,2,simulation_results_74.rds,44.0,0.86281335,0.8594,0.857
4481,2,simulation_results_74.rds,45.0,0.8637323,0.86,0.8584
4481,2,simulation_results_74.rds,46.0,0.8643161,0.86,0.86
4481,2,simulation_results_74.rds,47.0,0.86442155,0.86,0.861
4481,2,simulation_results_74.rds,48.0,0.86388546,0.8594,0.8623
4481,2,simulation_results_74.rds,49.0,0.8628834,0.8584,0.863
4481,2,simulation_results_74.rds,50.0,0.8611791,0.8574,0.8633
4481,2,simulation_results_74.rds,51.0,0.8591149,0.856,0.8633
4481,2,simulation_results_74.rds,52.0,0.85732377,0.8545,0.8623
4481,2,simulation_results_74.rds,53.0,0.8559694,0.8535,0.8613
4481,2,simulation_results_74.rds,54.0,0.8548474,0.852,0.86
4481,2,simulation_results_74.rds,55.0,0.8541655,0.851,0.858
4481,2,simulation_results_74.rds,56.0,0.8532662,0.85,0.8564
4481,2,simulation_results_74.rds,57.0,0.85246587,0.8496,0.8555
4481,2,simulation_results_74.rds,58.0,0.85159945,0.8486,0.8545
4481,2,simulation_results_74.rds,59.0,0.85037434,0.848,0.8535
4481,2,simulation_results_74.rds,60.0,0.8493059,0.847,0.853
4481,2,simulation_results_74.rds,61.0,0.84835815,0.847,0.853
4481,2,simulation_results_74.rds,62.0,0.84834003,0.847,0.8535
4481,2,simulation_results_74.rds,63.0,0.8490816,0.847,0.854
4481,2,simulation_results_74.rds,64.0,0.85064,0.848,0.855
4481,2,simulation_results_74.rds,65.0,0.8524343,0.8486,0.8564
4481,2,simulation_results_74.rds,66.0,0.8540098,0.85,0.8574
4481,2,simulation_results_74.rds,67.0,0.8556634,0.8516,0.859
4481,2,simulation_results_74.rds,68.0,0.8575157,0.8525,0.8604
4481,2,simulation_results_74.rds,69.0,0.8588126,0.854,0.8613
4481,2,simulation_results_74.rds,70.0,0.8600089,0.855,0.862
4481,2,simulation_results_74.rds,71.0,0.86062276,0.856,0.8623
4481,2,simulation_results_74.rds,72.0,0.86107355,0.8564,0.8623
4481,2,simulation_results_74.rds,73.0,0.8615196,0.857,0.8623
4481,2,simulation_results_74.rds,74.0,0.86138445,0.857,0.862
4481,2,simulation_results_74.rds,75.0,0.8607534,0.857,0.8613
4481,2,simulation_results_74.rds,76.0,0.85944545,0.8564,0.8604
4481,2,simulation_results_74.rds,77.0,0.8577825,0.8555,0.86
4481,2,simulation_results_74.rds,78.0,0.85613555,0.8545,0.8594
4481,2,simulation_results_74.rds,79.0,0.85467744,0.853,0.8584
4481,2,simulation_results_74.rds,80.0,0.85400605,0.8516,0.858
4481,2,simulation_results_74.rds,81.0,0.85334224,0.8506,0.857
4481,2,simulation_results_74.rds,82.0,0.85241807,0.85,0.856
4481,2,simulation_results_74.rds,83.0,0.8515431,0.849,0.855
4481,2,simulation_results_74.rds,84.0,0.85063857,0.8486,0.8535
4481,2,simulation_results_74.rds,85.0,0.85001504,0.848,0.852
4481,2,simulation_results_74.rds,86.0,0.84967256,0.8477,0.851
4481,2,simulation_results_74.rds,87.0,0.84930784,0.847,0.85
4481,2,simulation_results_74.rds,88.0,0.84956115,0.847,0.8496
4481,2,simulation_results_74.rds,89.0,0.85032547,0.8477,0.85
4481,2,simulation_results_74.rds,90.0,0.8516628,0.848,0.851
4481,2,simulation_results_74.rds,91.0,0.8532363,0.8496,0.8525
4481,2,simulation_results_74.rds,92.0,0.8545337,0.851,0.8535
4481,2,simulation_results_74.rds,93.0,0.8559767,0.8525,0.855
4481,2,simulation_results_74.rds,94.0,0.8574318,0.854,0.856
4481,2,simulation_results_74.rds,95.0,0.8586469,0.855,0.857
4481,2,simulation_results_74.rds,96.0,0.859847,0.856,0.8574
4481,2,simulation_results_74.rds,97.0,0.8607615,0.857,0.8584
4481,2,simulation_results_74.rds,98.0,0.8613238,0.8574,0.859
4481,2,simulation_results_74.rds,99.0,0.8613942,0.8574,0.8594
4481,2,simulation_results_74.rds,100.0,0.8607974,0.8574,0.86
4481,2,simulation_results_74.rds,101.0,0.859781,0.857,0.86
4481,2,simulation_results_74.rds,102.0,0.8583718,0.8564,0.8604
4481,2,simulation_results_74.rds,103.0,0.856685,0.8555,0.8604
4481,2,simulation_results_74.rds,104.0,0.85516304,0.854,0.86
4481,2,simulation_results_74.rds,105.0,0.8540735,0.8525,0.859
4481,2,simulation_results_74.rds,106.0,0.8535435,0.851,0.8574
4481,2,simulation_results_74.rds,107.0,0.85331124,0.849,0.856
4481,2,simulation_results_74.rds,108.0,0.85275465,0.8477,0.8545
4481,2,simulation_results_74.rds,109.0,0.85202974,0.8467,0.8535
4481,2,simulation_results_74.rds,110.0,0.8512788,0.845,0.853
4481,2,simulation_results_74.rds,111.0,0.85062134,0.844,0.8525
4481,2,simulation_results_74.rds,112.0,0.849678,0.843,0.8525
4481,2,simulation_results_74.rds,113.0,0.84913474,0.842,0.8525
4481,2,simulation_results_74.rds,114.0,0.8493619,0.8413,0.853
4481,2,simulation_results_74.rds,115.0,0.85003316,0.841,0.8535
4481,2,simulation_results_74.rds,116.0,0.8510616,0.8403,0.854
4481,2,simulation_results_74.rds,117.0,0.8526738,0.841,0.855
4481,2,simulation_results_74.rds,118.0,0.8543617,0.8413,0.856
4481,2,simulation_results_74.rds,119.0,0.85580504,0.8423,0.857
4481,2,simulation_results_74.rds,120.0,0.85721326,0.8438,0.8584
4481,2,simulation_results_74.rds,121.0,0.8581712,0.845,0.8594
4481,2,simulation_results_74.rds,122.0,0.8591138,0.847,0.8604
4481,2,simulation_results_74.rds,123.0,0.86022955,0.8496,0.8613
4481,2,simulation_results_74.rds,124.0,0.8605489,0.8516,0.862
4481,2,simulation_results_74.rds,125.0,0.86095923,0.8535,0.8623
4481,2,simulation_results_74.rds,126.0,0.86124927,0.855,0.862
4481,2,simulation_results_74.rds,127.0,0.8608941,0.8564,0.861
4481,2,simulation_results_74.rds,128.0,0.85977876,0.8574,0.8604
4481,2,simulation_results_74.rds,129.0,0.85842425,0.8584,0.8594
4481,2,simulation_results_74.rds,130.0,0.85702854,0.859,0.8584
4481,2,simulation_results_74.rds,131.0,0.8559612,0.859,0.858
4481,2,simulation_results_74.rds,132.0,0.8550605,0.859,0.857
4481,2,simulation_results_74.rds,133.0,0.85465246,0.8584,0.8564
4481,2,simulation_results_74.rds,134.0,0.8540387,0.858,0.8555
4481,2,simulation_results_74.rds,135.0,0.85348856,0.8574,0.855
4481,2,simulation_results_74.rds,136.0,0.8525376,0.857,0.8545
4481,2,simulation_results_74.rds,137.0,0.8514795,0.856,0.854
4481,2,simulation_results_74.rds,138.0,0.8506004,0.855,0.854
4481,2,simulation_results_74.rds,139.0,0.8498311,0.8535,0.854
4481,2,simulation_results_74.rds,140.0,0.8495052,0.852,0.854
4481,2,simulation_results_74.rds,141.0,0.84958196,0.85,0.8545
4481,2,simulation_results_74.rds,142.0,0.8504258,0.848,0.8555
4481,2,simulation_results_74.rds,143.0,0.8517273,0.846,0.8564
4481,2,simulation_results_74.rds,144.0,0.8531584,0.844,0.8574
4481,2,simulation_results_74.rds,145.0,0.85429853,0.8423,0.8584
4481,2,simulation_results_74.rds,146.0,0.85559714,0.841,0.8594
4481,2,simulation_results_74.rds,147.0,0.8565,0.84,0.8604
4481,2,simulation_results_74.rds,148.0,0.8575242,0.839,0.861
4481,2,simulation_results_74.rds,149.0,0.8583889,0.839,0.8613
4481,2,simulation_results_74.rds,150.0,0.85900414,0.84,0.862
4481,2,simulation_results_74.rds,151.0,0.85927385,0.841,0.8623
4481,2,simulation_results_74.rds,152.0,0.8591706,0.843,0.8623
4481,2,simulation_results_74.rds,153.0,0.8582411,0.8447,0.863
4481,2,simulation_results_74.rds,154.0,0.8566179,0.846,0.863
4481,2,simulation_results_74.rds,155.0,0.85519946,0.848,0.8623
4481,2,simulation_results_74.rds,156.0,0.85350466,0.849,0.8623
4481,3,simulation_results_74.rds,1.0,0.840119,0.8496,0.851
4481,3,simulation_results_74.rds,2.0,0.84368306,0.848,0.8525
4481,3,simulation_results_74.rds,3.0,0.8467047,0.8496,0.8516
4481,3,simulation_results_74.rds,4.0,0.8496465,0.851,0.8516
4481,3,simulation_results_74.rds,5.0,0.8518445,0.851,0.852
4481,3,simulation_results_74.rds,6.0,0.85308206,0.851,0.852
4481,3,simulation_results_74.rds,7.0,0.85407037,0.851,0.8516
4481,3,simulation_results_74.rds,8.0,0.8545262,0.8516,0.851
4481,3,simulation_results_74.rds,9.0,0.8547427,0.8516,0.8516
4481,3,simulation_results_74.rds,10.0,0.85476094,0.852,0.8516
4481,3,simulation_results_74.rds,11.0,0.8544555,0.8525,0.852
4481,3,simulation_results_74.rds,12.0,0.8540836,0.853,0.853
4481,3,simulation_results_74.rds,13.0,0.85419774,0.8535,0.854
4481,3,simulation_results_74.rds,14.0,0.854755,0.8535,0.855
4481,3,simulation_results_74.rds,15.0,0.85653245,0.8545,0.8564
4481,3,simulation_results_74.rds,16.0,0.8577568,0.8555,0.8574
4481,3,simulation_results_74.rds,17.0,0.8589726,0.8564,0.859
4481,3,simulation_results_74.rds,18.0,0.8597993,0.858,0.86
4481,3,simulation_results_74.rds,19.0,0.86040163,0.859,0.8604
4481,3,simulation_results_74.rds,20.0,0.8609615,0.86,0.8604
4481,3,simulation_results_74.rds,21.0,0.8608211,0.86,0.8604
4481,3,simulation_results_74.rds,22.0,0.860175,0.86,0.8604
4481,3,simulation_results_74.rds,23.0,0.85898846,0.8594,0.86
4481,3,simulation_results_74.rds,24.0,0.8573441,0.8584,0.859
4481,3,simulation_results_74.rds,25.0,0.85574776,0.8574,0.8584
4481,3,simulation_results_74.rds,26.0,0.85422194,0.856,0.8574
4481,3,simulation_results_74.rds,27.0,0.85302603,0.855,0.8564
4481,3,simulation_results_74.rds,28.0,0.85175896,0.8535,0.8555
4481,3,simulation_results_74.rds,29.0,0.8508974,0.8525,0.855
4481,3,simulation_results_74.rds,30.0,0.85049087,0.8516,0.854
4481,3,simulation_results_74.rds,31.0,0.8498709,0.8506,0.8535
4481,3,simulation_results_74.rds,32.0,0.8493611,0.8496,0.853
4481,3,simulation_results_74.rds,33.0,0.8488209,0.849,0.8525
4481,3,simulation_results_74.rds,34.0,0.84819466,0.8486,0.8525
4481,3,simulation_results_74.rds,35.0,0.8482478,0.8486,0.8525
4481,3,simulation_results_74.rds,36.0,0.8487276,0.8486,0.8525
4481,3,simulation_results_74.rds,37.0,0.8500112,0.8496,0.853
4481,3,simulation_results_74.rds,38.0,0.8518444,0.8506,0.853
4481,3,simulation_results_74.rds,39.0,0.85379726,0.852,0.8535
4481,3,simulation_results_74.rds,40.0,0.8561657,0.854,0.854
4481,3,simulation_results_74.rds,41.0,0.85792196,0.8555,0.8545
4481,3,simulation_results_74.rds,42.0,0.8594738,0.857,0.855
4481,3,simulation_results_74.rds,43.0,0.8607065,0.8584,0.856
4481,3,simulation_results_74.rds,44.0,0.8618677,0.8594,0.857
4481,3,simulation_results_74.rds,45.0,0.86294526,0.86,0.8584
4481,3,simulation_results_74.rds,46.0,0.863621,0.86,0.86
4481,3,simulation_results_74.rds,47.0,0.8638199,0.86,0.861
4481,3,simulation_results_74.rds,48.0,0.86371386,0.8594,0.8623
4481,3,simulation_results_74.rds,49.0,0.8627173,0.8584,0.863
4481,3,simulation_results_74.rds,50.0,0.8614285,0.8574,0.8633
4481,3,simulation_results_74.rds,51.0,0.8598465,0.856,0.8633
4481,3,simulation_results_74.rds,52.0,0.858202,0.8545,0.8623
4481,3,simulation_results_74.rds,53.0,0.8572253,0.8535,0.8613
4481,3,simulation_results_74.rds,54.0,0.856257,0.852,0.86
4481,3,simulation_results_74.rds,55.0,0.8556533,0.851,0.858
4481,3,simulation_results_74.rds,56.0,0.85529745,0.85,0.8564
4481,3,simulation_results_74.rds,57.0,0.8545671,0.8496,0.8555
4481,3,simulation_results_74.rds,58.0,0.8535131,0.8486,0.8545
4481,3,simulation_results_74.rds,59.0,0.85257715,0.848,0.8535
4481,3,simulation_results_74.rds,60.0,0.8516945,0.847,0.853
4481,3,simulation_results_74.rds,61.0,0.8513505,0.847,0.853
4481,3,simulation_results_74.rds,62.0,0.8512817,0.847,0.8535
4481,3,simulation_results_74.rds,63.0,0.8520593,0.847,0.854
4481,3,simulation_results_74.rds,64.0,0.85349435,0.848,0.855
4481,3,simulation_results_74.rds,65.0,0.8549675,0.8486,0.8564
4481,3,simulation_results_74.rds,66.0,0.8566778,0.85,0.8574
4481,3,simulation_results_74.rds,67.0,0.8583645,0.8516,0.859
4481,3,simulation_results_74.rds,68.0,0.8599507,0.8525,0.8604
4481,3,simulation_results_74.rds,69.0,0.8612474,0.854,0.8613
4481,3,simulation_results_74.rds,70.0,0.86215585,0.855,0.862
4481,3,simulation_results_74.rds,71.0,0.86302924,0.856,0.8623
4481,3,simulation_results_74.rds,72.0,0.8638315,0.8564,0.8623
4481,3,simulation_results_74.rds,73.0,0.8641333,0.857,0.8623
4481,3,simulation_results_74.rds,74.0,0.86392695,0.857,0.862
4481,3,simulation_results_74.rds,75.0,0.86275285,0.857,0.8613
4481,3,simulation_results_74.rds,76.0,0.86110693,0.8564,0.8604
4481,3,simulation_results_74.rds,77.0,0.8590914,0.8555,0.86
4481,3,simulation_results_74.rds,78.0,0.85720843,0.8545,0.8594
4481,3,simulation_results_74.rds,79.0,0.8557903,0.853,0.8584
4481,3,simulation_results_74.rds,80.0,0.8548127,0.8516,0.858
4481,3,simulation_results_74.rds,81.0,0.8540488,0.8506,0.857
4481,3,simulation_results_74.rds,82.0,0.853361,0.85,0.856
4481,3,simulation_results_74.rds,83.0,0.85246503,0.849,0.855
4481,3,simulation_results_74.rds,84.0,0.851641,0.8486,0.8535
4481,3,simulation_results_74.rds,85.0,0.8510141,0.848,0.852
4481,3,simulation_results_74.rds,86.0,0.8503156,0.8477,0.851
4481,3,simulation_results_74.rds,87.0,0.8498102,0.847,0.85
4481,3,simulation_results_74.rds,88.0,0.85009795,0.847,0.8496
4481,3,simulation_results_74.rds,89.0,0.8512382,0.8477,0.85
4481,3,simulation_results_74.rds,90.0,0.8530465,0.848,0.851
4481,3,simulation_results_74.rds,91.0,0.85536087,0.8496,0.8525
4481,3,simulation_results_74.rds,92.0,0.8576834,0.851,0.8535
4481,3,simulation_results_74.rds,93.0,0.85962033,0.8525,0.855
4481,3,simulation_results_74.rds,94.0,0.8614621,0.854,0.856
4481,3,simulation_results_74.rds,95.0,0.86279833,0.855,0.857
4481,3,simulation_results_74.rds,96.0,0.86372256,0.856,0.8574
4481,3,simulation_results_74.rds,97.0,0.86465305,0.857,0.8584
4481,3,simulation_results_74.rds,98.0,0.8653963,0.8574,0.859
4481,3,simulation_results_74.rds,99.0,0.86563724,0.8574,0.8594
4481,3,simulation_results_74.rds,100.0,0.86519116,0.8574,0.86
4481,3,simulation_results_74.rds,101.0,0.86426795,0.857,0.86
4481,3,simulation_results_74.rds,102.0,0.86291695,0.8564,0.8604
4481,3,simulation_results_74.rds,103.0,0.8610959,0.8555,0.8604
4481,3,simulation_results_74.rds,104.0,0.8593248,0.854,0.86
4481,3,simulation_results_74.rds,105.0,0.8579527,0.8525,0.859
4481,3,simulation_results_74.rds,106.0,0.8568105,0.851,0.8574
4481,3,simulation_results_74.rds,107.0,0.8562381,0.849,0.856
4481,3,simulation_results_74.rds,108.0,0.8555993,0.8477,0.8545
4481,3,simulation_results_74.rds,109.0,0.85506123,0.8467,0.8535
4481,3,simulation_results_74.rds,110.0,0.85435337,0.845,0.853
4481,3,simulation_results_74.rds,111.0,0.85369337,0.844,0.8525
4481,3,simulation_results_74.rds,112.0,0.85303307,0.843,0.8525
4481,3,simulation_results_74.rds,113.0,0.8524312,0.842,0.8525
4481,3,simulation_results_74.rds,114.0,0.852349,0.8413,0.853
4481,3,simulation_results_74.rds,115.0,0.85291743,0.841,0.8535
4481,3,simulation_results_74.rds,116.0,0.8538426,0.8403,0.854
4481,3,simulation_results_74.rds,117.0,0.8553917,0.841,0.855
4481,3,simulation_results_74.rds,118.0,0.8573137,0.8413,0.856
4481,3,simulation_results_74.rds,119.0,0.85870576,0.8423,0.857
4481,3,simulation_results_74.rds,120.0,0.8599325,0.8438,0.8584
4481,3,simulation_results_74.rds,121.0,0.861035,0.845,0.8594
4481,3,simulation_results_74.rds,122.0,0.86219245,0.847,0.8604
4481,3,simulation_results_74.rds,123.0,0.86275417,0.8496,0.8613
4481,3,simulation_results_74.rds,124.0,0.8632419,0.8516,0.862
4481,3,simulation_results_74.rds,125.0,0.86326337,0.8535,0.8623
4481,3,simulation_results_74.rds,126.0,0.86283445,0.855,0.862
4481,3,simulation_results_74.rds,127.0,0.86214596,0.8564,0.861
4481,3,simulation_results_74.rds,128.0,0.86106867,0.8574,0.8604
4481,3,simulation_results_74.rds,129.0,0.8595535,0.8584,0.8594
4481,3,simulation_results_74.rds,130.0,0.8578879,0.859,0.8584
4481,3,simulation_results_74.rds,131.0,0.8567512,0.859,0.858
4481,3,simulation_results_74.rds,132.0,0.85574013,0.859,0.857
4481,3,simulation_results_74.rds,133.0,0.85544914,0.8584,0.8564
4481,3,simulation_results_74.rds,134.0,0.8550815,0.858,0.8555
4481,3,simulation_results_74.rds,135.0,0.85443956,0.8574,0.855
4481,3,simulation_results_74.rds,136.0,0.8532804,0.857,0.8545
4481,3,simulation_results_74.rds,137.0,0.85244817,0.856,0.854
4481,3,simulation_results_74.rds,138.0,0.85171187,0.855,0.854
4481,3,simulation_results_74.rds,139.0,0.8514951,0.8535,0.854
4481,3,simulation_results_74.rds,140.0,0.8516723,0.852,0.854
4481,3,simulation_results_74.rds,141.0,0.8522866,0.85,0.8545
4481,3,simulation_results_74.rds,142.0,0.8534366,0.848,0.8555
4481,3,simulation_results_74.rds,143.0,0.85500044,0.846,0.8564
4481,3,simulation_results_74.rds,144.0,0.8568319,0.844,0.8574
4481,3,simulation_results_74.rds,145.0,0.8583748,0.8423,0.8584
4481,3,simulation_results_74.rds,146.0,0.8599774,0.841,0.8594
4481,3,simulation_results_74.rds,147.0,0.86107486,0.84,0.8604
4481,3,simulation_results_74.rds,148.0,0.8621617,0.839,0.861
4481,3,simulation_results_74.rds,149.0,0.8632175,0.839,0.8613
4481,3,simulation_results_74.rds,150.0,0.86382914,0.84,0.862
4481,3,simulation_results_74.rds,151.0,0.8640424,0.841,0.8623
4481,3,simulation_results_74.rds,152.0,0.86370826,0.843,0.8623
4481,3,simulation_results_74.rds,153.0,0.8626824,0.8447,0.863
4481,3,simulation_results_74.rds,154.0,0.8611915,0.846,0.863
4481,3,simulation_results_74.rds,155.0,0.85934454,0.848,0.8623
4481,3,simulation_results_74.rds,156.0,0.8579458,0.849,0.8623
4481,4,simulation_results_74.rds,1.0,0.8428975,0.8496,0.851
4481,4,simulation_results_74.rds,2.0,0.8467604,0.848,0.8525
4481,4,simulation_results_74.rds,3.0,0.85060394,0.8496,0.8516
4481,4,simulation_results_74.rds,4.0,0.8541641,0.851,0.8516
4481,4,simulation_results_74.rds,5.0,0.85615504,0.851,0.852
4481,4,simulation_results_74.rds,6.0,0.85722786,0.851,0.852
4481,4,simulation_results_74.rds,7.0,0.857564,0.851,0.8516
4481,4,simulation_results_74.rds,8.0,0.8573535,0.8516,0.851
4481,4,simulation_results_74.rds,9.0,0.8574608,0.8516,0.8516
4481,4,simulation_results_74.rds,10.0,0.85727704,0.852,0.8516
4481,4,simulation_results_74.rds,11.0,0.8570156,0.8525,0.852
4481,4,simulation_results_74.rds,12.0,0.8570189,0.853,0.853
4481,4,simulation_results_74.rds,13.0,0.85690826,0.8535,0.854
4481,4,simulation_results_74.rds,14.0,0.8567701,0.8535,0.855
4481,4,simulation_results_74.rds,15.0,0.8581491,0.8545,0.8564
4481,4,simulation_results_74.rds,16.0,0.8591426,0.8555,0.8574
4481,4,simulation_results_74.rds,17.0,0.8601624,0.8564,0.859
4481,4,simulation_results_74.rds,18.0,0.8605188,0.858,0.86
4481,4,simulation_results_74.rds,19.0,0.86096483,0.859,0.8604
4481,4,simulation_results_74.rds,20.0,0.8615509,0.86,0.8604
4481,4,simulation_results_74.rds,21.0,0.8615034,0.86,0.8604
4481,4,simulation_results_74.rds,22.0,0.8611755,0.86,0.8604
4481,4,simulation_results_74.rds,23.0,0.86028785,0.8594,0.86
4481,4,simulation_results_74.rds,24.0,0.85900617,0.8584,0.859
4481,4,simulation_results_74.rds,25.0,0.85747206,0.8574,0.8584
4481,4,simulation_results_74.rds,26.0,0.8556488,0.856,0.8574
4481,4,simulation_results_74.rds,27.0,0.8545479,0.855,0.8564
4481,4,simulation_results_74.rds,28.0,0.85404456,0.8535,0.8555
4481,4,simulation_results_74.rds,29.0,0.8535271,0.8525,0.855
4481,4,simulation_results_74.rds,30.0,0.8529661,0.8516,0.854
4481,4,simulation_results_74.rds,31.0,0.8520718,0.8506,0.8535
4481,4,simulation_results_74.rds,32.0,0.8511879,0.8496,0.853
4481,4,simulation_results_74.rds,33.0,0.8501632,0.849,0.8525
4481,4,simulation_results_74.rds,34.0,0.84946346,0.8486,0.8525
4481,4,simulation_results_74.rds,35.0,0.849595,0.8486,0.8525
4481,4,simulation_results_74.rds,36.0,0.8502474,0.8486,0.8525
4481,4,simulation_results_74.rds,37.0,0.8509207,0.8496,0.853
4481,4,simulation_results_74.rds,38.0,0.8522811,0.8506,0.853
4481,4,simulation_results_74.rds,39.0,0.8540202,0.852,0.8535
4481,4,simulation_results_74.rds,40.0,0.85569,0.854,0.854
4481,4,simulation_results_74.rds,41.0,0.85722053,0.8555,0.8545
4481,4,simulation_results_74.rds,42.0,0.85857165,0.857,0.855
4481,4,simulation_results_74.rds,43.0,0.85964596,0.8584,0.856
4481,4,simulation_results_74.rds,44.0,0.8607197,0.8594,0.857
4481,4,simulation_results_74.rds,45.0,0.861736,0.86,0.8584
4481,4,simulation_results_74.rds,46.0,0.8627359,0.86,0.86
4481,4,simulation_results_74.rds,47.0,0.8631627,0.86,0.861
4481,4,simulation_results_74.rds,48.0,0.8628631,0.8594,0.8623
4481,4,simulation_results_74.rds,49.0,0.86194605,0.8584,0.863
4481,4,simulation_results_74.rds,50.0,0.86044437,0.8574,0.8633
4481,4,simulation_results_74.rds,51.0,0.8589928,0.856,0.8633
4481,4,simulation_results_74.rds,52.0,0.8573343,0.8545,0.8623
4481,4,simulation_results_74.rds,53.0,0.855936,0.8535,0.8613
4481,4,simulation_results_74.rds,54.0,0.8552168,0.852,0.86
4481,4,simulation_results_74.rds,55.0,0.85459024,0.851,0.858
4481,4,simulation_results_74.rds,56.0,0.8539482,0.85,0.8564
4481,4,simulation_results_74.rds,57.0,0.853453,0.8496,0.8555
4481,4,simulation_results_74.rds,58.0,0.85275054,0.8486,0.8545
4481,4,simulation_results_74.rds,59.0,0.8516028,0.848,0.8535
4481,4,simulation_results_74.rds,60.0,0.8507519,0.847,0.853
4481,4,simulation_results_74.rds,61.0,0.850491,0.847,0.853
4481,4,simulation_results_74.rds,62.0,0.85072196,0.847,0.8535
4481,4,simulation_results_74.rds,63.0,0.85125744,0.847,0.854
4481,4,simulation_results_74.rds,64.0,0.8523716,0.848,0.855
4481,4,simulation_results_74.rds,65.0,0.85396403,0.8486,0.8564
4481,4,simulation_results_74.rds,66.0,0.85562503,0.85,0.8574
4481,4,simulation_results_74.rds,67.0,0.85734653,0.8516,0.859
4481,4,simulation_results_74.rds,68.0,0.8585733,0.8525,0.8604
4481,4,simulation_results_74.rds,69.0,0.85973036,0.854,0.8613
4481,4,simulation_results_74.rds,70.0,0.8602725,0.855,0.862
4481,4,simulation_results_74.rds,71.0,0.86075723,0.856,0.8623
4481,4,simulation_results_74.rds,72.0,0.86159796,0.8564,0.8623
4481,4,simulation_results_74.rds,73.0,0.86195725,0.857,0.8623
4481,4,simulation_results_74.rds,74.0,0.8615139,0.857,0.862
4481,4,simulation_results_74.rds,75.0,0.8603784,0.857,0.8613
4481,4,simulation_results_74.rds,76.0,0.8587526,0.8564,0.8604
4481,4,simulation_results_74.rds,77.0,0.85691905,0.8555,0.86
4481,4,simulation_results_74.rds,78.0,0.8550717,0.8545,0.8594
4481,4,simulation_results_74.rds,79.0,0.8538983,0.853,0.8584
4481,4,simulation_results_74.rds,80.0,0.8530203,0.8516,0.858
4481,4,simulation_results_74.rds,81.0,0.8522163,0.8506,0.857
4481,4,simulation_results_74.rds,82.0,0.8520433,0.85,0.856
4481,4,simulation_results_74.rds,83.0,0.8513824,0.849,0.855
4481,4,simulation_results_74.rds,84.0,0.8510175,0.8486,0.8535
4481,4,simulation_results_74.rds,85.0,0.8503068,0.848,0.852
4481,4,simulation_results_74.rds,86.0,0.84938824,0.8477,0.851
4481,4,simulation_results_74.rds,87.0,0.84912294,0.847,0.85
4481,4,simulation_results_74.rds,88.0,0.8494157,0.847,0.8496
4481,4,simulation_results_74.rds,89.0,0.85033745,0.8477,0.85
4481,4,simulation_results_74.rds,90.0,0.85169405,0.848,0.851
4481,4,simulation_results_74.rds,91.0,0.8531997,0.8496,0.8525
4481,4,simulation_results_74.rds,92.0,0.8550505,0.851,0.8535
4481,4,simulation_results_74.rds,93.0,0.85645515,0.8525,0.855
4481,4,simulation_results_74.rds,94.0,0.85785365,0.854,0.856
4481,4,simulation_results_74.rds,95.0,0.8589572,0.855,0.857
4481,4,simulation_results_74.rds,96.0,0.85995394,0.856,0.8574
4481,4,simulation_results_74.rds,97.0,0.8606248,0.857,0.8584
4481,4,simulation_results_74.rds,98.0,0.8614671,0.8574,0.859
4481,4,simulation_results_74.rds,99.0,0.86181927,0.8574,0.8594
4481,4,simulation_results_74.rds,100.0,0.8612903,0.8574,0.86
4481,4,simulation_results_74.rds,101.0,0.8604012,0.857,0.86
4481,4,simulation_results_74.rds,102.0,0.85874957,0.8564,0.8604
4481,4,simulation_results_74.rds,103.0,0.85714936,0.8555,0.8604
4481,4,simulation_results_74.rds,104.0,0.8552938,0.854,0.86
4481,4,simulation_results_74.rds,105.0,0.85435843,0.8525,0.859
4481,4,simulation_results_74.rds,106.0,0.8536688,0.851,0.8574
4481,4,simulation_results_74.rds,107.0,0.85324544,0.849,0.856
4481,4,simulation_results_74.rds,108.0,0.853023,0.8477,0.8545
4481,4,simulation_results_74.rds,109.0,0.85253227,0.8467,0.8535
4481,4,simulation_results_74.rds,110.0,0.85157037,0.845,0.853
4481,4,simulation_results_74.rds,111.0,0.8508167,0.844,0.8525
4481,4,simulation_results_74.rds,112.0,0.8498466,0.843,0.8525
4481,4,simulation_results_74.rds,113.0,0.8492024,0.842,0.8525
4481,4,simulation_results_74.rds,114.0,0.849463,0.8413,0.853
4481,4,simulation_results_74.rds,115.0,0.84983116,0.841,0.8535
4481,4,simulation_results_74.rds,116.0,0.8512192,0.8403,0.854
4481,4,simulation_results_74.rds,117.0,0.85275555,0.841,0.855
4481,4,simulation_results_74.rds,118.0,0.8545649,0.8413,0.856
4481,4,simulation_results_74.rds,119.0,0.8563127,0.8423,0.857
4481,4,simulation_results_74.rds,120.0,0.85782,0.8438,0.8584
4481,4,simulation_results_74.rds,121.0,0.8588017,0.845,0.8594
4481,4,simulation_results_74.rds,122.0,0.85959697,0.847,0.8604
4481,4,simulation_results_74.rds,123.0,0.8605562,0.8496,0.8613
4481,4,simulation_results_74.rds,124.0,0.86123693,0.8516,0.862
4481,4,simulation_results_74.rds,125.0,0.86174315,0.8535,0.8623
4481,4,simulation_results_74.rds,126.0,0.8616587,0.855,0.862
4481,4,simulation_results_74.rds,127.0,0.8610333,0.8564,0.861
4481,4,simulation_results_74.rds,128.0,0.85986716,0.8574,0.8604
4481,4,simulation_results_74.rds,129.0,0.85855275,0.8584,0.8594
4481,4,simulation_results_74.rds,130.0,0.8568394,0.859,0.8584
4481,4,simulation_results_74.rds,131.0,0.8557665,0.859,0.858
4481,4,simulation_results_74.rds,132.0,0.8552333,0.859,0.857
4481,4,simulation_results_74.rds,133.0,0.85480297,0.8584,0.8564
4481,4,simulation_results_74.rds,134.0,0.85435224,0.858,0.8555
4481,4,simulation_results_74.rds,135.0,0.85387254,0.8574,0.855
4481,4,simulation_results_74.rds,136.0,0.85304517,0.857,0.8545
4481,4,simulation_results_74.rds,137.0,0.85221225,0.856,0.854
4481,4,simulation_results_74.rds,138.0,0.8515348,0.855,0.854
4481,4,simulation_results_74.rds,139.0,0.8506809,0.8535,0.854
4481,4,simulation_results_74.rds,140.0,0.8504665,0.852,0.854
4481,4,simulation_results_74.rds,141.0,0.850885,0.85,0.8545
4481,4,simulation_results_74.rds,142.0,0.85191935,0.848,0.8555
4481,4,simulation_results_74.rds,143.0,0.8533295,0.846,0.8564
4481,4,simulation_results_74.rds,144.0,0.85510963,0.844,0.8574
4481,4,simulation_results_74.rds,145.0,0.8564698,0.8423,0.8584
4481,4,simulation_results_74.rds,146.0,0.8576253,0.841,0.8594
4481,4,simulation_results_74.rds,147.0,0.85849375,0.84,0.8604
4481,4,simulation_results_74.rds,148.0,0.85937977,0.839,0.861
4481,4,simulation_results_74.rds,149.0,0.86033106,0.839,0.8613
4481,4,simulation_results_74.rds,150.0,0.86135703,0.84,0.862
4481,4,simulation_results_74.rds,151.0,0.8618821,0.841,0.8623
4481,4,simulation_results_74.rds,152.0,0.8616188,0.843,0.8623
4481,4,simulation_results_74.rds,153.0,0.8611967,0.8447,0.863
4481,4,simulation_results_74.rds,154.0,0.860005,0.846,0.863
4481,4,simulation_results_74.rds,155.0,0.85884464,0.848,0.8623
4481,4,simulation_results_74.rds,156.0,0.8573462,0.849,0.8623
4481,5,simulation_results_74.rds,1.0,0.84108216,0.8496,0.851
4481,5,simulation_results_74.rds,2.0,0.8443308,0.848,0.8525
4481,5,simulation_results_74.rds,3.0,0.84767544,0.8496,0.8516
4481,5,simulation_results_74.rds,4.0,0.8508492,0.851,0.8516
4481,5,simulation_results_74.rds,5.0,0.8530448,0.851,0.852
4481,5,simulation_results_74.rds,6.0,0.8541328,0.851,0.852
4481,5,simulation_results_74.rds,7.0,0.8550484,0.851,0.8516
4481,5,simulation_results_74.rds,8.0,0.8557985,0.8516,0.851
4481,5,simulation_results_74.rds,9.0,0.85621333,0.8516,0.8516
4481,5,simulation_results_74.rds,10.0,0.85636246,0.852,0.8516
4481,5,simulation_results_74.rds,11.0,0.8563737,0.8525,0.852
4481,5,simulation_results_74.rds,12.0,0.8567529,0.853,0.853
4481,5,simulation_results_74.rds,13.0,0.8570612,0.8535,0.854
4481,5,simulation_results_74.rds,14.0,0.85703945,0.8535,0.855
4481,5,simulation_results_74.rds,15.0,0.8584735,0.8545,0.8564
4481,5,simulation_results_74.rds,16.0,0.85985065,0.8555,0.8574
4481,5,simulation_results_74.rds,17.0,0.8610293,0.8564,0.859
4481,5,simulation_results_74.rds,18.0,0.86183983,0.858,0.86
4481,5,simulation_results_74.rds,19.0,0.86234784,0.859,0.8604
4481,5,simulation_results_74.rds,20.0,0.8629572,0.86,0.8604
4481,5,simulation_results_74.rds,21.0,0.8631031,0.86,0.8604
4481,5,simulation_results_74.rds,22.0,0.8626057,0.86,0.8604
4481,5,simulation_results_74.rds,23.0,0.861446,0.8594,0.86
4481,5,simulation_results_74.rds,24.0,0.8599577,0.8584,0.859
4481,5,simulation_results_74.rds,25.0,0.8582511,0.8574,0.8584
4481,5,simulation_results_74.rds,26.0,0.85613793,0.856,0.8574
4481,5,simulation_results_74.rds,27.0,0.8546878,0.855,0.8564
4481,5,simulation_results_74.rds,28.0,0.85422087,0.8535,0.8555
4481,5,simulation_results_74.rds,29.0,0.8536881,0.8525,0.855
4481,5,simulation_results_74.rds,30.0,0.8531115,0.8516,0.854
4481,5,simulation_results_74.rds,31.0,0.8524201,0.8506,0.8535
4481,5,simulation_results_74.rds,32.0,0.851578,0.8496,0.853
4481,5,simulation_results_74.rds,33.0,0.8507883,0.849,0.8525
4481,5,simulation_results_74.rds,34.0,0.85008806,0.8486,0.8525
4481,5,simulation_results_74.rds,35.0,0.84964985,0.8486,0.8525
4481,5,simulation_results_74.rds,36.0,0.84983885,0.8486,0.8525
4481,5,simulation_results_74.rds,37.0,0.850558,0.8496,0.853
4481,5,simulation_results_74.rds,38.0,0.8517918,0.8506,0.853
4481,5,simulation_results_74.rds,39.0,0.8533233,0.852,0.8535
4481,5,simulation_results_74.rds,40.0,0.8550946,0.854,0.854
4481,5,simulation_results_74.rds,41.0,0.8563962,0.8555,0.8545
4481,5,simulation_results_74.rds,42.0,0.85721385,0.857,0.855
4481,5,simulation_results_74.rds,43.0,0.8581459,0.8584,0.856
4481,5,simulation_results_74.rds,44.0,0.8591491,0.8594,0.857
4481,5,simulation_results_74.rds,45.0,0.85977244,0.86,0.8584
4481,5,simulation_results_74.rds,46.0,0.86064076,0.86,0.86
4481,5,simulation_results_74.rds,47.0,0.86098397,0.86,0.861
4481,5,simulation_results_74.rds,48.0,0.8606118,0.8594,0.8623
4481,5,simulation_results_74.rds,49.0,0.8596676,0.8584,0.863
4481,5,simulation_results_74.rds,50.0,0.8579778,0.8574,0.8633
4481,5,simulation_results_74.rds,51.0,0.8562512,0.856,0.8633
4481,5,simulation_results_74.rds,52.0,0.8546781,0.8545,0.8623
4481,5,simulation_results_74.rds,53.0,0.8535521,0.8535,0.8613
4481,5,simulation_results_74.rds,54.0,0.8528216,0.852,0.86
4481,5,simulation_results_74.rds,55.0,0.85286653,0.851,0.858
4481,5,simulation_results_74.rds,56.0,0.85297847,0.85,0.8564
4481,5,simulation_results_74.rds,57.0,0.8527911,0.8496,0.8555
4481,5,simulation_results_74.rds,58.0,0.8517898,0.8486,0.8545
4481,5,simulation_results_74.rds,59.0,0.85133845,0.848,0.8535
4481,5,simulation_results_74.rds,60.0,0.8504914,0.847,0.853
4481,5,simulation_results_74.rds,61.0,0.85034513,0.847,0.853
4481,5,simulation_results_74.rds,62.0,0.8506852,0.847,0.8535
4481,5,simulation_results_74.rds,63.0,0.8516317,0.847,0.854
4481,5,simulation_results_74.rds,64.0,0.8535592,0.848,0.855
4481,5,simulation_results_74.rds,65.0,0.8558148,0.8486,0.8564
4481,5,simulation_results_74.rds,66.0,0.8580447,0.85,0.8574
4481,5,simulation_results_74.rds,67.0,0.8599635,0.8516,0.859
4481,5,simulation_results_74.rds,68.0,0.8613871,0.8525,0.8604
4481,5,simulation_results_74.rds,69.0,0.86199766,0.854,0.8613
4481,5,simulation_results_74.rds,70.0,0.8625356,0.855,0.862
4481,5,simulation_results_74.rds,71.0,0.8630185,0.856,0.8623
4481,5,simulation_results_74.rds,72.0,0.8639243,0.8564,0.8623
4481,5,simulation_results_74.rds,73.0,0.8639675,0.857,0.8623
4481,5,simulation_results_74.rds,74.0,0.8635471,0.857,0.862
4481,5,simulation_results_74.rds,75.0,0.86244607,0.857,0.8613
4481,5,simulation_results_74.rds,76.0,0.8610755,0.8564,0.8604
4481,5,simulation_results_74.rds,77.0,0.85953367,0.8555,0.86
4481,5,simulation_results_74.rds,78.0,0.8576785,0.8545,0.8594
4481,5,simulation_results_74.rds,79.0,0.8559692,0.853,0.8584
4481,5,simulation_results_74.rds,80.0,0.85461694,0.8516,0.858
4481,5,simulation_results_74.rds,81.0,0.85373485,0.8506,0.857
4481,5,simulation_results_74.rds,82.0,0.8530383,0.85,0.856
4481,5,simulation_results_74.rds,83.0,0.85258025,0.849,0.855
4481,5,simulation_results_74.rds,84.0,0.85199785,0.8486,0.8535
4481,5,simulation_results_74.rds,85.0,0.85157377,0.848,0.852
4481,5,simulation_results_74.rds,86.0,0.8509154,0.8477,0.851
4481,5,simulation_results_74.rds,87.0,0.85051626,0.847,0.85
4481,5,simulation_results_74.rds,88.0,0.85030925,0.847,0.8496
4481,5,simulation_results_74.rds,89.0,0.851001,0.8477,0.85
4481,5,simulation_results_74.rds,90.0,0.8522392,0.848,0.851
4481,5,simulation_results_74.rds,91.0,0.8536499,0.8496,0.8525
4481,5,simulation_results_74.rds,92.0,0.8553293,0.851,0.8535
4481,5,simulation_results_74.rds,93.0,0.85702926,0.8525,0.855
4481,5,simulation_results_74.rds,94.0,0.8583094,0.854,0.856
4481,5,simulation_results_74.rds,95.0,0.8593242,0.855,0.857
4481,5,simulation_results_74.rds,96.0,0.86045873,0.856,0.8574
4481,5,simulation_results_74.rds,97.0,0.8611187,0.857,0.8584
4481,5,simulation_results_74.rds,98.0,0.8612946,0.8574,0.859
4481,5,simulation_results_74.rds,99.0,0.8612417,0.8574,0.8594
4481,5,simulation_results_74.rds,100.0,0.86086017,0.8574,0.86
4481,5,simulation_results_74.rds,101.0,0.8603169,0.857,0.86
4481,5,simulation_results_74.rds,102.0,0.8594052,0.8564,0.8604
4481,5,simulation_results_74.rds,103.0,0.8577104,0.8555,0.8604
4481,5,simulation_results_74.rds,104.0,0.8560206,0.854,0.86
4481,5,simulation_results_74.rds,105.0,0.8547577,0.8525,0.859
4481,5,simulation_results_74.rds,106.0,0.85394,0.851,0.8574
4481,5,simulation_results_74.rds,107.0,0.85347474,0.849,0.856
4481,5,simulation_results_74.rds,108.0,0.853441,0.8477,0.8545
4481,5,simulation_results_74.rds,109.0,0.85320646,0.8467,0.8535
4481,5,simulation_results_74.rds,110.0,0.85242605,0.845,0.853
4481,5,simulation_results_74.rds,111.0,0.8517275,0.844,0.8525
4481,5,simulation_results_74.rds,112.0,0.8512862,0.843,0.8525
4481,5,simulation_results_74.rds,113.0,0.85089374,0.842,0.8525
4481,5,simulation_results_74.rds,114.0,0.8506158,0.8413,0.853
4481,5,simulation_results_74.rds,115.0,0.85094506,0.841,0.8535
4481,5,simulation_results_74.rds,116.0,0.85219616,0.8403,0.854
4481,5,simulation_results_74.rds,117.0,0.8540662,0.841,0.855
4481,5,simulation_results_74.rds,118.0,0.8559753,0.8413,0.856
4481,5,simulation_results_74.rds,119.0,0.85785943,0.8423,0.857
4481,5,simulation_results_74.rds,120.0,0.8594496,0.8438,0.8584
4481,5,simulation_results_74.rds,121.0,0.8609371,0.845,0.8594
4481,5,simulation_results_74.rds,122.0,0.86182326,0.847,0.8604
4481,5,simulation_results_74.rds,123.0,0.86258435,0.8496,0.8613
4481,5,simulation_results_74.rds,124.0,0.86338824,0.8516,0.862
4481,5,simulation_results_74.rds,125.0,0.86377525,0.8535,0.8623
4481,5,simulation_results_74.rds,126.0,0.86399865,0.855,0.862
4481,5,simulation_results_74.rds,127.0,0.8633084,0.8564,0.861
4481,5,simulation_results_74.rds,128.0,0.86224467,0.8574,0.8604
4481,5,simulation_results_74.rds,129.0,0.86075443,0.8584,0.8594
4481,5,simulation_results_74.rds,130.0,0.85906047,0.859,0.8584
4481,5,simulation_results_74.rds,131.0,0.8576529,0.859,0.858
4481,5,simulation_results_74.rds,132.0,0.8567672,0.859,0.857
4481,5,simulation_results_74.rds,133.0,0.8561614,0.8584,0.8564
4481,5,simulation_results_74.rds,134.0,0.8556311,0.858,0.8555
4481,5,simulation_results_74.rds,135.0,0.8550038,0.8574,0.855
4481,5,simulation_results_74.rds,136.0,0.8543263,0.857,0.8545
4481,5,simulation_results_74.rds,137.0,0.8536247,0.856,0.854
4481,5,simulation_results_74.rds,138.0,0.8529896,0.855,0.854
4481,5,simulation_results_74.rds,139.0,0.85253984,0.8535,0.854
4481,5,simulation_results_74.rds,140.0,0.85211086,0.852,0.854
4481,5,simulation_results_74.rds,141.0,0.8525988,0.85,0.8545
4481,5,simulation_results_74.rds,142.0,0.8538093,0.848,0.8555
4481,5,simulation_results_74.rds,143.0,0.85552824,0.846,0.8564
4481,5,simulation_results_74.rds,144.0,0.85753745,0.844,0.8574
4481,5,simulation_results_74.rds,145.0,0.8594541,0.8423,0.8584
4481,5,simulation_results_74.rds,146.0,0.860825,0.841,0.8594
4481,5,simulation_results_74.rds,147.0,0.8619158,0.84,0.8604
4481,5,simulation_results_74.rds,148.0,0.8626945,0.839,0.861
4481,5,simulation_results_74.rds,149.0,0.86308163,0.839,0.8613
4481,5,simulation_results_74.rds,150.0,0.863651,0.84,0.862
4481,5,simulation_results_74.rds,151.0,0.8640967,0.841,0.8623
4481,5,simulation_results_74.rds,152.0,0.8640783,0.843,0.8623
4481,5,simulation_results_74.rds,153.0,0.86327183,0.8447,0.863
4481,5,simulation_results_74.rds,154.0,0.8621026,0.846,0.863
4481,5,simulation_results_74.rds,155.0,0.8604211,0.848,0.8623
4481,5,simulation_results_74.rds,156.0,0.85875654,0.849,0.8623
4481,6,simulation_results_74.rds,1.0,0.84412605,0.8496,0.851
4481,6,simulation_results_74.rds,2.0,0.8471894,0.848,0.8525
4481,6,simulation_results_74.rds,3.0,0.8502484,0.8496,0.8516
4481,6,simulation_results_74.rds,4.0,0.8531527,0.851,0.8516
4481,6,simulation_results_74.rds,5.0,0.8547862,0.851,0.852
4481,6,simulation_results_74.rds,6.0,0.8564637,0.851,0.852
4481,6,simulation_results_74.rds,7.0,0.8570767,0.851,0.8516
4481,6,simulation_results_74.rds,8.0,0.8576979,0.8516,0.851
4481,6,simulation_results_74.rds,9.0,0.8578157,0.8516,0.8516
4481,6,simulation_results_74.rds,10.0,0.8579194,0.852,0.8516
4481,6,simulation_results_74.rds,11.0,0.85789496,0.8525,0.852
4481,6,simulation_results_74.rds,12.0,0.8579537,0.853,0.853
4481,6,simulation_results_74.rds,13.0,0.85816354,0.8535,0.854
4481,6,simulation_results_74.rds,14.0,0.8583977,0.8535,0.855
4481,6,simulation_results_74.rds,15.0,0.85982573,0.8545,0.8564
4481,6,simulation_results_74.rds,16.0,0.8611119,0.8555,0.8574
4481,6,simulation_results_74.rds,17.0,0.8621669,0.8564,0.859
4481,6,simulation_results_74.rds,18.0,0.86324906,0.858,0.86
4481,6,simulation_results_74.rds,19.0,0.8642208,0.859,0.8604
4481,6,simulation_results_74.rds,20.0,0.86464334,0.86,0.8604
4481,6,simulation_results_74.rds,21.0,0.8648687,0.86,0.8604
4481,6,simulation_results_74.rds,22.0,0.8646264,0.86,0.8604
4481,6,simulation_results_74.rds,23.0,0.8637479,0.8594,0.86
4481,6,simulation_results_74.rds,24.0,0.8622225,0.8584,0.859
4481,6,simulation_results_74.rds,25.0,0.8604217,0.8574,0.8584
4481,6,simulation_results_74.rds,26.0,0.85874563,0.856,0.8574
4481,6,simulation_results_74.rds,27.0,0.8571684,0.855,0.8564
4481,6,simulation_results_74.rds,28.0,0.8563404,0.8535,0.8555
4481,6,simulation_results_74.rds,29.0,0.8555133,0.8525,0.855
4481,6,simulation_results_74.rds,30.0,0.8549326,0.8516,0.854
4481,6,simulation_results_74.rds,31.0,0.8540879,0.8506,0.8535
4481,6,simulation_results_74.rds,32.0,0.8529651,0.8496,0.853
4481,6,simulation_results_74.rds,33.0,0.85205764,0.849,0.8525
4481,6,simulation_results_74.rds,34.0,0.8513474,0.8486,0.8525
4481,6,simulation_results_74.rds,35.0,0.8509067,0.8486,0.8525
4481,6,simulation_results_74.rds,36.0,0.8507422,0.8486,0.8525
4481,6,simulation_results_74.rds,37.0,0.8513631,0.8496,0.853
4481,6,simulation_results_74.rds,38.0,0.8527269,0.8506,0.853
4481,6,simulation_results_74.rds,39.0,0.85424477,0.852,0.8535
4481,6,simulation_results_74.rds,40.0,0.85561454,0.854,0.854
4481,6,simulation_results_74.rds,41.0,0.8573612,0.8555,0.8545
4481,6,simulation_results_74.rds,42.0,0.8583226,0.857,0.855
4481,6,simulation_results_74.rds,43.0,0.8593451,0.8584,0.856
4481,6,simulation_results_74.rds,44.0,0.86023915,0.8594,0.857
4481,6,simulation_results_74.rds,45.0,0.8611139,0.86,0.8584
4481,6,simulation_results_74.rds,46.0,0.8618153,0.86,0.86
4481,6,simulation_results_74.rds,47.0,0.86221224,0.86,0.861
4481,6,simulation_results_74.rds,48.0,0.86212504,0.8594,0.8623
4481,6,simulation_results_74.rds,49.0,0.8616767,0.8584,0.863
4481,6,simulation_results_74.rds,50.0,0.8604676,0.8574,0.8633
4481,6,simulation_results_74.rds,51.0,0.85889035,0.856,0.8633
4481,6,simulation_results_74.rds,52.0,0.8574462,0.8545,0.8623
4481,6,simulation_results_74.rds,53.0,0.8565014,0.8535,0.8613
4481,6,simulation_results_74.rds,54.0,0.85607713,0.852,0.86
4481,6,simulation_results_74.rds,55.0,0.85530376,0.851,0.858
4481,6,simulation_results_74.rds,56.0,0.85490024,0.85,0.8564
4481,6,simulation_results_74.rds,57.0,0.8544594,0.8496,0.8555
4481,6,simulation_results_74.rds,58.0,0.853499,0.8486,0.8545
4481,6,simulation_results_74.rds,59.0,0.85282475,0.848,0.8535
4481,6,simulation_results_74.rds,60.0,0.85207534,0.847,0.853
4481,6,simulation_results_74.rds,61.0,0.8515073,0.847,0.853
4481,6,simulation_results_74.rds,62.0,0.85140055,0.847,0.8535
4481,6,simulation_results_74.rds,63.0,0.8518922,0.847,0.854
4481,6,simulation_results_74.rds,64.0,0.8532257,0.848,0.855
4481,6,simulation_results_74.rds,65.0,0.85502225,0.8486,0.8564
4481,6,simulation_results_74.rds,66.0,0.85677236,0.85,0.8574
4481,6,simulation_results_74.rds,67.0,0.85859096,0.8516,0.859
4481,6,simulation_results_74.rds,68.0,0.8600932,0.8525,0.8604
4481,6,simulation_results_74.rds,69.0,0.8616336,0.854,0.8613
4481,6,simulation_results_74.rds,70.0,0.8628321,0.855,0.862
4481,6,simulation_results_74.rds,71.0,0.8636077,0.856,0.8623
4481,6,simulation_results_74.rds,72.0,0.86447793,0.8564,0.8623
4481,6,simulation_results_74.rds,73.0,0.86466324,0.857,0.8623
4481,6,simulation_results_74.rds,74.0,0.8642912,0.857,0.862
4481,6,simulation_results_74.rds,75.0,0.8633093,0.857,0.8613
4481,6,simulation_results_74.rds,76.0,0.8617657,0.8564,0.8604
4481,6,simulation_results_74.rds,77.0,0.8598084,0.8555,0.86
4481,6,simulation_results_74.rds,78.0,0.8580748,0.8545,0.8594
4481,6,simulation_results_74.rds,79.0,0.8565411,0.853,0.8584
4481,6,simulation_results_74.rds,80.0,0.8556542,0.8516,0.858
4481,6,simulation_results_74.rds,81.0,0.8548827,0.8506,0.857
4481,6,simulation_results_74.rds,82.0,0.8542972,0.85,0.856
4481,6,simulation_results_74.rds,83.0,0.85351413,0.849,0.855
4481,6,simulation_results_74.rds,84.0,0.8525292,0.8486,0.8535
4481,6,simulation_results_74.rds,85.0,0.85186934,0.848,0.852
4481,6,simulation_results_74.rds,86.0,0.8511625,0.8477,0.851
4481,6,simulation_results_74.rds,87.0,0.85096145,0.847,0.85
4481,6,simulation_results_74.rds,88.0,0.85140103,0.847,0.8496
4481,6,simulation_results_74.rds,89.0,0.85224485,0.8477,0.85
4481,6,simulation_results_74.rds,90.0,0.85370713,0.848,0.851
4481,6,simulation_results_74.rds,91.0,0.85584694,0.8496,0.8525
4481,6,simulation_results_74.rds,92.0,0.8578442,0.851,0.8535
4481,6,simulation_results_74.rds,93.0,0.85964453,0.8525,0.855
4481,6,simulation_results_74.rds,94.0,0.86075187,0.854,0.856
4481,6,simulation_results_74.rds,95.0,0.8617778,0.855,0.857
4481,6,simulation_results_74.rds,96.0,0.8625759,0.856,0.8574
4481,6,simulation_results_74.rds,97.0,0.8632824,0.857,0.8584
4481,6,simulation_results_74.rds,98.0,0.86396366,0.8574,0.859
4481,6,simulation_results_74.rds,99.0,0.86415404,0.8574,0.8594
4481,6,simulation_results_74.rds,100.0,0.86398363,0.8574,0.86
4481,6,simulation_results_74.rds,101.0,0.86329746,0.857,0.86
4481,6,simulation_results_74.rds,102.0,0.86185926,0.8564,0.8604
4481,6,simulation_results_74.rds,103.0,0.8604272,0.8555,0.8604
4481,6,simulation_results_74.rds,104.0,0.8589792,0.854,0.86
4481,6,simulation_results_74.rds,105.0,0.8573845,0.8525,0.859
4481,6,simulation_results_74.rds,106.0,0.8565788,0.851,0.8574
4481,6,simulation_results_74.rds,107.0,0.85614365,0.849,0.856
4481,6,simulation_results_74.rds,108.0,0.85592836,0.8477,0.8545
4481,6,simulation_results_74.rds,109.0,0.8556053,0.8467,0.8535
4481,6,simulation_results_74.rds,110.0,0.85485077,0.845,0.853
4481,6,simulation_results_74.rds,111.0,0.85401773,0.844,0.8525
4481,6,simulation_results_74.rds,112.0,0.8533412,0.843,0.8525
4481,6,simulation_results_74.rds,113.0,0.85292035,0.842,0.8525
4481,6,simulation_results_74.rds,114.0,0.85302263,0.8413,0.853
4481,6,simulation_results_74.rds,115.0,0.8535001,0.841,0.8535
4481,6,simulation_results_74.rds,116.0,0.8549486,0.8403,0.854
4481,6,simulation_results_74.rds,117.0,0.85656476,0.841,0.855
4481,6,simulation_results_74.rds,118.0,0.8584295,0.8413,0.856
4481,6,simulation_results_74.rds,119.0,0.86024845,0.8423,0.857
4481,6,simulation_results_74.rds,120.0,0.86155134,0.8438,0.8584
4481,6,simulation_results_74.rds,121.0,0.8626429,0.845,0.8594
4481,6,simulation_results_74.rds,122.0,0.86326534,0.847,0.8604
4481,6,simulation_results_74.rds,123.0,0.86390966,0.8496,0.8613
4481,6,simulation_results_74.rds,124.0,0.86472857,0.8516,0.862
4481,6,simulation_results_74.rds,125.0,0.865155,0.8535,0.8623
4481,6,simulation_results_74.rds,126.0,0.86490875,0.855,0.862
4481,6,simulation_results_74.rds,127.0,0.864049,0.8564,0.861
4481,6,simulation_results_74.rds,128.0,0.86272585,0.8574,0.8604
4481,6,simulation_results_74.rds,129.0,0.86098105,0.8584,0.8594
4481,6,simulation_results_74.rds,130.0,0.8589588,0.859,0.8584
4481,6,simulation_results_74.rds,131.0,0.85724384,0.859,0.858
4481,6,simulation_results_74.rds,132.0,0.8559301,0.859,0.857
4481,6,simulation_results_74.rds,133.0,0.8552625,0.8584,0.8564
4481,6,simulation_results_74.rds,134.0,0.8546188,0.858,0.8555
4481,6,simulation_results_74.rds,135.0,0.8542136,0.8574,0.855
4481,6,simulation_results_74.rds,136.0,0.8538404,0.857,0.8545
4481,6,simulation_results_74.rds,137.0,0.85316813,0.856,0.854
4481,6,simulation_results_74.rds,138.0,0.8523474,0.855,0.854
4481,6,simulation_results_74.rds,139.0,0.85186136,0.8535,0.854
4481,6,simulation_results_74.rds,140.0,0.8519632,0.852,0.854
4481,6,simulation_results_74.rds,141.0,0.8527633,0.85,0.8545
4481,6,simulation_results_74.rds,142.0,0.85398275,0.848,0.8555
4481,6,simulation_results_74.rds,143.0,0.8556275,0.846,0.8564
4481,6,simulation_results_74.rds,144.0,0.8575512,0.844,0.8574
4481,6,simulation_results_74.rds,145.0,0.85955805,0.8423,0.8584
4481,6,simulation_results_74.rds,146.0,0.86111724,0.841,0.8594
4481,6,simulation_results_74.rds,147.0,0.8622139,0.84,0.8604
4481,6,simulation_results_74.rds,148.0,0.8633245,0.839,0.861
4481,6,simulation_results_74.rds,149.0,0.8642441,0.839,0.8613
4481,6,simulation_results_74.rds,150.0,0.86487544,0.84,0.862
4481,6,simulation_results_74.rds,151.0,0.8651755,0.841,0.8623
4481,6,simulation_results_74.rds,152.0,0.8653629,0.843,0.8623
4481,6,simulation_results_74.rds,153.0,0.86492723,0.8447,0.863
4481,6,simulation_results_74.rds,154.0,0.86383337,0.846,0.863
4481,6,simulation_results_74.rds,155.0,0.862556,0.848,0.8623
4481,6,simulation_results_74.rds,156.0,0.8609896,0.849,0.8623
4481,7,simulation_results_74.rds,1.0,0.83747464,0.8496,0.851
4481,7,simulation_results_74.rds,2.0,0.8430604,0.848,0.8525
4481,7,simulation_results_74.rds,3.0,0.8476783,0.8496,0.8516
4481,7,simulation_results_74.rds,4.0,0.8513992,0.851,0.8516
4481,7,simulation_results_74.rds,5.0,0.8539754,0.851,0.852
4481,7,simulation_results_74.rds,6.0,0.8559815,0.851,0.852
4481,7,simulation_results_74.rds,7.0,0.85707474,0.851,0.8516
4481,7,simulation_results_74.rds,8.0,0.8574369,0.8516,0.851
4481,7,simulation_results_74.rds,9.0,0.8576936,0.8516,0.8516
4481,7,simulation_results_74.rds,10.0,0.8576055,0.852,0.8516
4481,7,simulation_results_74.rds,11.0,0.8575242,0.8525,0.852
4481,7,simulation_results_74.rds,12.0,0.8576314,0.853,0.853
4481,7,simulation_results_74.rds,13.0,0.8576986,0.8535,0.854
4481,7,simulation_results_74.rds,14.0,0.85793525,0.8535,0.855
4481,7,simulation_results_74.rds,15.0,0.85972166,0.8545,0.8564
4481,7,simulation_results_74.rds,16.0,0.8609253,0.8555,0.8574
4481,7,simulation_results_74.rds,17.0,0.86167824,0.8564,0.859
4481,7,simulation_results_74.rds,18.0,0.8623378,0.858,0.86
4481,7,simulation_results_74.rds,19.0,0.86301816,0.859,0.8604
4481,7,simulation_results_74.rds,20.0,0.8634517,0.86,0.8604
4481,7,simulation_results_74.rds,21.0,0.8634738,0.86,0.8604
4481,7,simulation_results_74.rds,22.0,0.8631692,0.86,0.8604
4481,7,simulation_results_74.rds,23.0,0.86224556,0.8594,0.86
4481,7,simulation_results_74.rds,24.0,0.86100656,0.8584,0.859
4481,7,simulation_results_74.rds,25.0,0.85941607,0.8574,0.8584
4481,7,simulation_results_74.rds,26.0,0.85802084,0.856,0.8574
4481,7,simulation_results_74.rds,27.0,0.85717624,0.855,0.8564
4481,7,simulation_results_74.rds,28.0,0.8567706,0.8535,0.8555
4481,7,simulation_results_74.rds,29.0,0.85662633,0.8525,0.855
4481,7,simulation_results_74.rds,30.0,0.85644245,0.8516,0.854
4481,7,simulation_results_74.rds,31.0,0.8565514,0.8506,0.8535
4481,7,simulation_results_74.rds,32.0,0.8561331,0.8496,0.853
4481,7,simulation_results_74.rds,33.0,0.8553208,0.849,0.8525
4481,7,simulation_results_74.rds,34.0,0.8542628,0.8486,0.8525
4481,7,simulation_results_74.rds,35.0,0.8538062,0.8486,0.8525
4481,7,simulation_results_74.rds,36.0,0.85365146,0.8486,0.8525
4481,7,simulation_results_74.rds,37.0,0.85407305,0.8496,0.853
4481,7,simulation_results_74.rds,38.0,0.8550615,0.8506,0.853
4481,7,simulation_results_74.rds,39.0,0.8567804,0.852,0.8535
4481,7,simulation_results_74.rds,40.0,0.8584527,0.854,0.854
4481,7,simulation_results_74.rds,41.0,0.85979646,0.8555,0.8545
4481,7,simulation_results_74.rds,42.0,0.86092585,0.857,0.855
4481,7,simulation_results_74.rds,43.0,0.8620181,0.8584,0.856
4481,7,simulation_results_74.rds,44.0,0.86297315,0.8594,0.857
4481,7,simulation_results_74.rds,45.0,0.8635279,0.86,0.8584
4481,7,simulation_results_74.rds,46.0,0.86404455,0.86,0.86
4481,7,simulation_results_74.rds,47.0,0.8645394,0.86,0.861
4481,7,simulation_results_74.rds,48.0,0.86473113,0.8594,0.8623
4481,7,simulation_results_74.rds,49.0,0.8640421,0.8584,0.863
4481,7,simulation_results_74.rds,50.0,0.86308306,0.8574,0.8633
4481,7,simulation_results_74.rds,51.0,0.86167765,0.856,0.8633
4481,7,simulation_results_74.rds,52.0,0.8607002,0.8545,0.8623
4481,7,simulation_results_74.rds,53.0,0.8595674,0.8535,0.8613
4481,7,simulation_results_74.rds,54.0,0.85859597,0.852,0.86
4481,7,simulation_results_74.rds,55.0,0.8579989,0.851,0.858
4481,7,simulation_results_74.rds,56.0,0.85745245,0.85,0.8564
4481,7,simulation_results_74.rds,57.0,0.85656977,0.8496,0.8555
4481,7,simulation_results_74.rds,58.0,0.85575837,0.8486,0.8545
4481,7,simulation_results_74.rds,59.0,0.8548795,0.848,0.8535
4481,7,simulation_results_74.rds,60.0,0.85364664,0.847,0.853
4481,7,simulation_results_74.rds,61.0,0.85279524,0.847,0.853
4481,7,simulation_results_74.rds,62.0,0.85237014,0.847,0.8535
4481,7,simulation_results_74.rds,63.0,0.85288507,0.847,0.854
4481,7,simulation_results_74.rds,64.0,0.8541096,0.848,0.855
4481,7,simulation_results_74.rds,65.0,0.8557091,0.8486,0.8564
4481,7,simulation_results_74.rds,66.0,0.8572866,0.85,0.8574
4481,7,simulation_results_74.rds,67.0,0.8584873,0.8516,0.859
4481,7,simulation_results_74.rds,68.0,0.8596166,0.8525,0.8604
4481,7,simulation_results_74.rds,69.0,0.86052,0.854,0.8613
4481,7,simulation_results_74.rds,70.0,0.86132675,0.855,0.862
4481,7,simulation_results_74.rds,71.0,0.8621002,0.856,0.8623
4481,7,simulation_results_74.rds,72.0,0.8627942,0.8564,0.8623
4481,7,simulation_results_74.rds,73.0,0.8629487,0.857,0.8623
4481,7,simulation_results_74.rds,74.0,0.86319745,0.857,0.862
4481,7,simulation_results_74.rds,75.0,0.8624688,0.857,0.8613
4481,7,simulation_results_74.rds,76.0,0.86116415,0.8564,0.8604
4481,7,simulation_results_74.rds,77.0,0.8594055,0.8555,0.86
4481,7,simulation_results_74.rds,78.0,0.85769606,0.8545,0.8594
4481,7,simulation_results_74.rds,79.0,0.856557,0.853,0.8584
4481,7,simulation_results_74.rds,80.0,0.8551898,0.8516,0.858
4481,7,simulation_results_74.rds,81.0,0.85454583,0.8506,0.857
4481,7,simulation_results_74.rds,82.0,0.85402185,0.85,0.856
4481,7,simulation_results_74.rds,83.0,0.8535194,0.849,0.855
4481,7,simulation_results_74.rds,84.0,0.8524762,0.8486,0.8535
4481,7,simulation_results_74.rds,85.0,0.8513444,0.848,0.852
4481,7,simulation_results_74.rds,86.0,0.85019755,0.8477,0.851
4481,7,simulation_results_74.rds,87.0,0.8498939,0.847,0.85
4481,7,simulation_results_74.rds,88.0,0.8499358,0.847,0.8496
4481,7,simulation_results_74.rds,89.0,0.85079426,0.8477,0.85
4481,7,simulation_results_74.rds,90.0,0.85226333,0.848,0.851
4481,7,simulation_results_74.rds,91.0,0.8542042,0.8496,0.8525
4481,7,simulation_results_74.rds,92.0,0.8561143,0.851,0.8535
4481,7,simulation_results_74.rds,93.0,0.8576784,0.8525,0.855
4481,7,simulation_results_74.rds,94.0,0.8593035,0.854,0.856
4481,7,simulation_results_74.rds,95.0,0.8610198,0.855,0.857
4481,7,simulation_results_74.rds,96.0,0.86221427,0.856,0.8574
4481,7,simulation_results_74.rds,97.0,0.8631565,0.857,0.8584
4481,7,simulation_results_74.rds,98.0,0.8639191,0.8574,0.859
4481,7,simulation_results_74.rds,99.0,0.86469996,0.8574,0.8594
4481,7,simulation_results_74.rds,100.0,0.8647189,0.8574,0.86
4481,7,simulation_results_74.rds,101.0,0.86395735,0.857,0.86
4481,7,simulation_results_74.rds,102.0,0.8626624,0.8564,0.8604
4481,7,simulation_results_74.rds,103.0,0.8609881,0.8555,0.8604
4481,7,simulation_results_74.rds,104.0,0.859684,0.854,0.86
4481,7,simulation_results_74.rds,105.0,0.85860693,0.8525,0.859
4481,7,simulation_results_74.rds,106.0,0.85784316,0.851,0.8574
4481,7,simulation_results_74.rds,107.0,0.85787207,0.849,0.856
4481,7,simulation_results_74.rds,108.0,0.8579129,0.8477,0.8545
4481,7,simulation_results_74.rds,109.0,0.8571864,0.8467,0.8535
4481,7,simulation_results_74.rds,110.0,0.8567894,0.845,0.853
4481,7,simulation_results_74.rds,111.0,0.8562214,0.844,0.8525
4481,7,simulation_results_74.rds,112.0,0.8558316,0.843,0.8525
4481,7,simulation_results_74.rds,113.0,0.8554225,0.842,0.8525
4481,7,simulation_results_74.rds,114.0,0.8553038,0.8413,0.853
4481,7,simulation_results_74.rds,115.0,0.8557572,0.841,0.8535
4481,7,simulation_results_74.rds,116.0,0.85671204,0.8403,0.854
4481,7,simulation_results_74.rds,117.0,0.8582309,0.841,0.855
4481,7,simulation_results_74.rds,118.0,0.8595428,0.8413,0.856
4481,7,simulation_results_74.rds,119.0,0.8609258,0.8423,0.857
4481,7,simulation_results_74.rds,120.0,0.86206186,0.8438,0.8584
4481,7,simulation_results_74.rds,121.0,0.8626675,0.845,0.8594
4481,7,simulation_results_74.rds,122.0,0.8633332,0.847,0.8604
4481,7,simulation_results_74.rds,123.0,0.86403793,0.8496,0.8613
4481,7,simulation_results_74.rds,124.0,0.8641758,0.8516,0.862
4481,7,simulation_results_74.rds,125.0,0.8643024,0.8535,0.8623
4481,7,simulation_results_74.rds,126.0,0.8638737,0.855,0.862
4481,7,simulation_results_74.rds,127.0,0.8629393,0.8564,0.861
4481,7,simulation_results_74.rds,128.0,0.86168414,0.8574,0.8604
4481,7,simulation_results_74.rds,129.0,0.8601955,0.8584,0.8594
4481,7,simulation_results_74.rds,130.0,0.8587968,0.859,0.8584
4481,7,simulation_results_74.rds,131.0,0.8575132,0.859,0.858
4481,7,simulation_results_74.rds,132.0,0.8568777,0.859,0.857
4481,7,simulation_results_74.rds,133.0,0.8566577,0.8584,0.8564
4481,7,simulation_results_74.rds,134.0,0.85640144,0.858,0.8555
4481,7,simulation_results_74.rds,135.0,0.85596025,0.8574,0.855
4481,7,simulation_results_74.rds,136.0,0.85517865,0.857,0.8545
4481,7,simulation_results_74.rds,137.0,0.85447085,0.856,0.854
4481,7,simulation_results_74.rds,138.0,0.85379386,0.855,0.854
4481,7,simulation_results_74.rds,139.0,0.8532707,0.8535,0.854
4481,7,simulation_results_74.rds,140.0,0.853309,0.852,0.854
4481,7,simulation_results_74.rds,141.0,0.8537806,0.85,0.8545
4481,7,simulation_results_74.rds,142.0,0.8551315,0.848,0.8555
4481,7,simulation_results_74.rds,143.0,0.8567774,0.846,0.8564
4481,7,simulation_results_74.rds,144.0,0.85838825,0.844,0.8574
4481,7,simulation_results_74.rds,145.0,0.86009175,0.8423,0.8584
4481,7,simulation_results_74.rds,146.0,0.8614025,0.841,0.8594
4481,7,simulation_results_74.rds,147.0,0.8621695,0.84,0.8604
4481,7,simulation_results_74.rds,148.0,0.8631812,0.839,0.861
4481,7,simulation_results_74.rds,149.0,0.8642084,0.839,0.8613
4481,7,simulation_results_74.rds,150.0,0.8649267,0.84,0.862
4481,7,simulation_results_74.rds,151.0,0.8653219,0.841,0.8623
4481,7,simulation_results_74.rds,152.0,0.8652218,0.843,0.8623
4481,7,simulation_results_74.rds,153.0,0.86423093,0.8447,0.863
4481,7,simulation_results_74.rds,154.0,0.8627755,0.846,0.863
4481,7,simulation_results_74.rds,155.0,0.861045,0.848,0.8623
4481,7,simulation_results_74.rds,156.0,0.8593347,0.849,0.8623
4481,8,simulation_results_74.rds,1.0,0.83717865,0.8496,0.851
4481,8,simulation_results_74.rds,2.0,0.84242463,0.848,0.8525
4481,8,simulation_results_74.rds,3.0,0.8470255,0.8496,0.8516
4481,8,simulation_results_74.rds,4.0,0.8501961,0.851,0.8516
4481,8,simulation_results_74.rds,5.0,0.852483,0.851,0.852
4481,8,simulation_results_74.rds,6.0,0.85379034,0.851,0.852
4481,8,simulation_results_74.rds,7.0,0.8544231,0.851,0.8516
4481,8,simulation_results_74.rds,8.0,0.855002,0.8516,0.851
4481,8,simulation_results_74.rds,9.0,0.8550284,0.8516,0.8516
4481,8,simulation_results_74.rds,10.0,0.8550216,0.852,0.8516
4481,8,simulation_results_74.rds,11.0,0.85470957,0.8525,0.852
4481,8,simulation_results_74.rds,12.0,0.8546362,0.853,0.853
4481,8,simulation_results_74.rds,13.0,0.85481197,0.8535,0.854
4481,8,simulation_results_74.rds,14.0,0.8552374,0.8535,0.855
4481,8,simulation_results_74.rds,15.0,0.8572783,0.8545,0.8564
4481,8,simulation_results_74.rds,16.0,0.85866565,0.8555,0.8574
4481,8,simulation_results_74.rds,17.0,0.8596309,0.8564,0.859
4481,8,simulation_results_74.rds,18.0,0.8605595,0.858,0.86
4481,8,simulation_results_74.rds,19.0,0.8612904,0.859,0.8604
4481,8,simulation_results_74.rds,20.0,0.861784,0.86,0.8604
4481,8,simulation_results_74.rds,21.0,0.86210865,0.86,0.8604
4481,8,simulation_results_74.rds,22.0,0.86166614,0.86,0.8604
4481,8,simulation_results_74.rds,23.0,0.86078876,0.8594,0.86
4481,8,simulation_results_74.rds,24.0,0.8593748,0.8584,0.859
4481,8,simulation_results_74.rds,25.0,0.85770595,0.8574,0.8584
4481,8,simulation_results_74.rds,26.0,0.85625875,0.856,0.8574
4481,8,simulation_results_74.rds,27.0,0.85505223,0.855,0.8564
4481,8,simulation_results_74.rds,28.0,0.85399157,0.8535,0.8555
4481,8,simulation_results_74.rds,29.0,0.85320795,0.8525,0.855
4481,8,simulation_results_74.rds,30.0,0.8528858,0.8516,0.854
4481,8,simulation_results_74.rds,31.0,0.8524115,0.8506,0.8535
4481,8,simulation_results_74.rds,32.0,0.8515798,0.8496,0.853
4481,8,simulation_results_74.rds,33.0,0.8506802,0.849,0.8525
4481,8,simulation_results_74.rds,34.0,0.85016024,0.8486,0.8525
4481,8,simulation_results_74.rds,35.0,0.8496654,0.8486,0.8525
4481,8,simulation_results_74.rds,36.0,0.84974545,0.8486,0.8525
4481,8,simulation_results_74.rds,37.0,0.8504234,0.8496,0.853
4481,8,simulation_results_74.rds,38.0,0.85173726,0.8506,0.853
4481,8,simulation_results_74.rds,39.0,0.8535523,0.852,0.8535
4481,8,simulation_results_74.rds,40.0,0.85525346,0.854,0.854
4481,8,simulation_results_74.rds,41.0,0.85671145,0.8555,0.8545
4481,8,simulation_results_74.rds,42.0,0.858069,0.857,0.855
4481,8,simulation_results_74.rds,43.0,0.8590725,0.8584,0.856
4481,8,simulation_results_74.rds,44.0,0.8598701,0.8594,0.857
4481,8,simulation_results_74.rds,45.0,0.86060166,0.86,0.8584
4481,8,simulation_results_74.rds,46.0,0.86137134,0.86,0.86
4481,8,simulation_results_74.rds,47.0,0.86179614,0.86,0.861
4481,8,simulation_results_74.rds,48.0,0.86161184,0.8594,0.8623
4481,8,simulation_results_74.rds,49.0,0.86089945,0.8584,0.863
4481,8,simulation_results_74.rds,50.0,0.8594897,0.8574,0.8633
4481,8,simulation_results_74.rds,51.0,0.85812944,0.856,0.8633
4481,8,simulation_results_74.rds,52.0,0.8569806,0.8545,0.8623
4481,8,simulation_results_74.rds,53.0,0.8562904,0.8535,0.8613
4481,8,simulation_results_74.rds,54.0,0.85572,0.852,0.86
4481,8,simulation_results_74.rds,55.0,0.8554627,0.851,0.858
4481,8,simulation_results_74.rds,56.0,0.85519284,0.85,0.8564
4481,8,simulation_results_74.rds,57.0,0.85487545,0.8496,0.8555
4481,8,simulation_results_74.rds,58.0,0.8539293,0.8486,0.8545
4481,8,simulation_results_74.rds,59.0,0.8531273,0.848,0.8535
4481,8,simulation_results_74.rds,60.0,0.852403,0.847,0.853
4481,8,simulation_results_74.rds,61.0,0.85187936,0.847,0.853
4481,8,simulation_results_74.rds,62.0,0.85182595,0.847,0.8535
4481,8,simulation_results_74.rds,63.0,0.8524861,0.847,0.854
4481,8,simulation_results_74.rds,64.0,0.8540351,0.848,0.855
4481,8,simulation_results_74.rds,65.0,0.85590976,0.8486,0.8564
4481,8,simulation_results_74.rds,66.0,0.85750145,0.85,0.8574
4481,8,simulation_results_74.rds,67.0,0.8591688,0.8516,0.859
4481,8,simulation_results_74.rds,68.0,0.8606028,0.8525,0.8604
4481,8,simulation_results_74.rds,69.0,0.86163163,0.854,0.8613
4481,8,simulation_results_74.rds,70.0,0.8626697,0.855,0.862
4481,8,simulation_results_74.rds,71.0,0.86346173,0.856,0.8623
4481,8,simulation_results_74.rds,72.0,0.86424005,0.8564,0.8623
4481,8,simulation_results_74.rds,73.0,0.8645829,0.857,0.8623
4481,8,simulation_results_74.rds,74.0,0.8643938,0.857,0.862
4481,8,simulation_results_74.rds,75.0,0.86359674,0.857,0.8613
4481,8,simulation_results_74.rds,76.0,0.86204547,0.8564,0.8604
4481,8,simulation_results_74.rds,77.0,0.8604057,0.8555,0.86
4481,8,simulation_results_74.rds,78.0,0.858506,0.8545,0.8594
4481,8,simulation_results_74.rds,79.0,0.85711586,0.853,0.8584
4481,8,simulation_results_74.rds,80.0,0.8562628,0.8516,0.858
4481,8,simulation_results_74.rds,81.0,0.8556262,0.8506,0.857
4481,8,simulation_results_74.rds,82.0,0.8550802,0.85,0.856
4481,8,simulation_results_74.rds,83.0,0.8544697,0.849,0.855
4481,8,simulation_results_74.rds,84.0,0.8534471,0.8486,0.8535
4481,8,simulation_results_74.rds,85.0,0.85239685,0.848,0.852
4481,8,simulation_results_74.rds,86.0,0.85167176,0.8477,0.851
4481,8,simulation_results_74.rds,87.0,0.8509144,0.847,0.85
4481,8,simulation_results_74.rds,88.0,0.8507883,0.847,0.8496
4481,8,simulation_results_74.rds,89.0,0.85139495,0.8477,0.85
4481,8,simulation_results_74.rds,90.0,0.85294104,0.848,0.851
4481,8,simulation_results_74.rds,91.0,0.8546384,0.8496,0.8525
4481,8,simulation_results_74.rds,92.0,0.85679483,0.851,0.8535
4481,8,simulation_results_74.rds,93.0,0.85849106,0.8525,0.855
4481,8,simulation_results_74.rds,94.0,0.85998243,0.854,0.856
4481,8,simulation_results_74.rds,95.0,0.86083,0.855,0.857
4481,8,simulation_results_74.rds,96.0,0.86148095,0.856,0.8574
4481,8,simulation_results_74.rds,97.0,0.86220986,0.857,0.8584
4481,8,simulation_results_74.rds,98.0,0.86285913,0.8574,0.859
4481,8,simulation_results_74.rds,99.0,0.8630604,0.8574,0.8594
4481,8,simulation_results_74.rds,100.0,0.86273247,0.8574,0.86
4481,8,simulation_results_74.rds,101.0,0.8620717,0.857,0.86
4481,8,simulation_results_74.rds,102.0,0.86067414,0.8564,0.8604
4481,8,simulation_results_74.rds,103.0,0.85937256,0.8555,0.8604
4481,8,simulation_results_74.rds,104.0,0.8578412,0.854,0.86
4481,8,simulation_results_74.rds,105.0,0.85675937,0.8525,0.859
4481,8,simulation_results_74.rds,106.0,0.8556432,0.851,0.8574
4481,8,simulation_results_74.rds,107.0,0.8548321,0.849,0.856
4481,8,simulation_results_74.rds,108.0,0.8540221,0.8477,0.8545
4481,8,simulation_results_74.rds,109.0,0.8534681,0.8467,0.8535
4481,8,simulation_results_74.rds,110.0,0.8530479,0.845,0.853
4481,8,simulation_results_74.rds,111.0,0.85215795,0.844,0.8525
4481,8,simulation_results_74.rds,112.0,0.85136867,0.843,0.8525
4481,8,simulation_results_74.rds,113.0,0.85105765,0.842,0.8525
4481,8,simulation_results_74.rds,114.0,0.8511351,0.8413,0.853
4481,8,simulation_results_74.rds,115.0,0.8518994,0.841,0.8535
4481,8,simulation_results_74.rds,116.0,0.8531264,0.8403,0.854
4481,8,simulation_results_74.rds,117.0,0.8545397,0.841,0.855
4481,8,simulation_results_74.rds,118.0,0.85632163,0.8413,0.856
4481,8,simulation_results_74.rds,119.0,0.85774446,0.8423,0.857
4481,8,simulation_results_74.rds,120.0,0.85911834,0.8438,0.8584
4481,8,simulation_results_74.rds,121.0,0.8602846,0.845,0.8594
4481,8,simulation_results_74.rds,122.0,0.8613608,0.847,0.8604
4481,8,simulation_results_74.rds,123.0,0.86232656,0.8496,0.8613
4481,8,simulation_results_74.rds,124.0,0.8627933,0.8516,0.862
4481,8,simulation_results_74.rds,125.0,0.8632286,0.8535,0.8623
4481,8,simulation_results_74.rds,126.0,0.86309093,0.855,0.862
4481,8,simulation_results_74.rds,127.0,0.86234856,0.8564,0.861
4481,8,simulation_results_74.rds,128.0,0.8610085,0.8574,0.8604
4481,8,simulation_results_74.rds,129.0,0.8592204,0.8584,0.8594
4481,8,simulation_results_74.rds,130.0,0.85776025,0.859,0.8584
4481,8,simulation_results_74.rds,131.0,0.8564636,0.859,0.858
4481,8,simulation_results_74.rds,132.0,0.8556278,0.859,0.857
4481,8,simulation_results_74.rds,133.0,0.85520333,0.8584,0.8564
4481,8,simulation_results_74.rds,134.0,0.85481495,0.858,0.8555
4481,8,simulation_results_74.rds,135.0,0.8541105,0.8574,0.855
4481,8,simulation_results_74.rds,136.0,0.8533689,0.857,0.8545
4481,8,simulation_results_74.rds,137.0,0.85232776,0.856,0.854
4481,8,simulation_results_74.rds,138.0,0.8515164,0.855,0.854
4481,8,simulation_results_74.rds,139.0,0.8506722,0.8535,0.854
4481,8,simulation_results_74.rds,140.0,0.85021025,0.852,0.854
4481,8,simulation_results_74.rds,141.0,0.8505515,0.85,0.8545
4481,8,simulation_results_74.rds,142.0,0.8518268,0.848,0.8555
4481,8,simulation_results_74.rds,143.0,0.85335046,0.846,0.8564
4481,8,simulation_results_74.rds,144.0,0.8553971,0.844,0.8574
4481,8,simulation_results_74.rds,145.0,0.8572574,0.8423,0.8584
4481,8,simulation_results_74.rds,146.0,0.8584597,0.841,0.8594
4481,8,simulation_results_74.rds,147.0,0.8593679,0.84,0.8604
4481,8,simulation_results_74.rds,148.0,0.8603996,0.839,0.861
4481,8,simulation_results_74.rds,149.0,0.86146134,0.839,0.8613
4481,8,simulation_results_74.rds,150.0,0.86228824,0.84,0.862
4481,8,simulation_results_74.rds,151.0,0.8626427,0.841,0.8623
4481,8,simulation_results_74.rds,152.0,0.8628216,0.843,0.8623
4481,8,simulation_results_74.rds,153.0,0.86257243,0.8447,0.863
4481,8,simulation_results_74.rds,154.0,0.86212116,0.846,0.863
4481,8,simulation_results_74.rds,155.0,0.86096513,0.848,0.8623
4481,8,simulation_results_74.rds,156.0,0.8594952,0.849,0.8623
